Pack Name,ID,Name,Type,Rarity,Max Level,Can Be Starter,Starter Weight,Boss Weight,Title 1,Title 1 Unlock Amount,Title 2,Title 2 Unlock Amount,Title 3,Title 3 Unlock Amount,Title 4,Title 4 Unlock Amount,Title 5,Title 5 Unlock Amount,Evolution Stage,Evolution Level,Evolution Form Id,Base HP,Base Attack,Base Defense,Base Speed,Spawn Weight,Job Skill,Hp Regen Per Hour,Fatigue Rate Per Hour,Fatigue Cooldown Hours,Personality,Basic Attack Name,Basic Attack Prefab Lifetime,Icon Path,Back Icon Path,Shiny Icon Path,Shiny Back Icon Path,Description
Main,M-001,Ignirix,Fire,Rare,50,No,0,0,T-268,2,T-008,6,T-041,10,T-055,14,,,1,,,60,78,22,40,2,1.08,5.7,11,7.2,Aggressive,Flame Bite,1,Assets/Art/Monsters/Fire/Rare/Ignirix_front.png,Assets/Art/Monsters/Fire/Rare/Ignirix_back.png,Assets/Art/Monsters/Fire/Rare/Ignirix_frontshiny.png,Assets/Art/Monsters/Fire/Rare/Ignirix_backshiny.png,"A volatile fire beast that lunges headfirst into battle, burning hot and fast with little regard for defense."
Main,M-002,Emrix,Fire,Common,50,Yes,10,0,T-138,3,T-125,10,,,,,,,1,18,M-003,48,56,18,28,8,0.95,4.6,11,7.2,Aggressive,Ember Snap,1,Assets/Art/Monsters/Fire/Common/Emrix_front.png,Assets/Art/Monsters/Fire/Common/Emrix_back.png,Assets/Art/Monsters/Fire/Common/Emrix_frontshiny.png,Assets/Art/Monsters/Fire/Common/Emrix_backshiny.png,"A small fire sprite that darts forward with quick, reckless bites of flame."
Main,M-003,Emrixen,Fire,Uncommon,50,Yes,2,0,T-305,2,T-001,10,T-040,14,,,,,2,22,M-004,54,66,22,28,4.5,1,5.1,11,7.2,Aggressive,Flare Claw,1,Assets/Art/Monsters/Fire/Uncommon/Emrixen_front.png,Assets/Art/Monsters/Fire/Uncommon/Emrixen_back.png,Assets/Art/Monsters/Fire/Uncommon/Emrixen_frontshiny.png,Assets/Art/Monsters/Fire/Uncommon/Emrixen_backshiny.png,"Its flames grow steadier and stronger, trading some speed for sharper, burning strikes."
Main,M-004,Pyren,Fire,Rare,50,No,0,0,T-019,2,T-071,6,T-161,10,T-166,14,,,1,,,60,78,22,40,2,1.08,5.7,11,7.2,Aggressive,Inferno Rend,1,Assets/Art/Monsters/Fire/Rare/Pyren_front.png,Assets/Art/Monsters/Fire/Rare/Pyren_back.png,Assets/Art/Monsters/Fire/Rare/Pyren_frontshiny.png,Assets/Art/Monsters/Fire/Rare/Pyren_backshiny.png,"A fully ignited fire beast that overwhelms foes with fast, searing assaults."
Main,M-005,Flaren,Fire,Epic,50,No,0,0,T-287,1,T-042,4,T-269,8,T-056,12,T-047,15,1,,,68,96,30,41,0.7,1.15,6.5,12.9,6.5,Berserker,Blaze Crush,1,Assets/Art/Monsters/Fire/Epic/Flaren_front.png,Assets/Art/Monsters/Fire/Epic/Flaren_back.png,Assets/Art/Monsters/Fire/Epic/Flaren_frontshiny.png,Assets/Art/Monsters/Fire/Epic/Flaren_backshiny.png,A heavily armored fire brute that smashes through enemies with explosive force and relentless heat.
Main,M-006,Budrel,Grass,Common,50,Yes,10,0,T-153,3,T-170,10,,,,,,,1,18,M-007,58,40,34,18,8,0.95,6.4,8.5,7.9,Supportive,Leaf Peck,1,Assets/Art/Monsters/Grass/Common/Budrel_front.png,Assets/Art/Monsters/Grass/Common/Budrel_back.png,Assets/Art/Monsters/Grass/Common/Budrel_frontshiny.png,Assets/Art/Monsters/Grass/Common/Budrel_backshiny.png,A gentle sprout creature that supports allies while pecking foes with hardened leaves.
Main,M-007,Vinel,Grass,Uncommon,50,Yes,2,0,T-009,2,T-045,10,T-050,14,,,,,2,22,M-008,66,46,38,20,4.5,1,7.3,8.5,7.9,Supportive,Vine Lash,1,Assets/Art/Monsters/Grass/Uncommon/Vinel_front.png,Assets/Art/Monsters/Grass/Uncommon/Vinel_back.png,Assets/Art/Monsters/Grass/Uncommon/Vinel_frontshiny.png,Assets/Art/Monsters/Grass/Uncommon/Vinel_backshiny.png,"Its body thickens with vines, offering stronger protection and steadier healing presence."
Main,M-008,Flororn,Grass,Rare,50,No,0,0,T-046,2,T-051,6,T-087,10,T-177,14,,,1,,,74,52,44,30,2,1.08,8.2,8.5,7.9,Guardian,Bloom Guard,1,Assets/Art/Monsters/Grass/Rare/Flororn_front.png,Assets/Art/Monsters/Grass/Rare/Flororn_back.png,Assets/Art/Monsters/Grass/Rare/Flororn_frontshiny.png,Assets/Art/Monsters/Grass/Rare/Flororn_backshiny.png,"A mature forest guardian that shields allies and strikes back with controlled, verdant force."
Main,M-009,Thornel,Grass,Epic,50,No,0,0,T-052,1,T-146,4,T-387,8,T-190,12,T-237,15,1,,,86,62,64,23,0.7,1.15,9.5,7.2,8.6,Guardian,Thorn Break,1,Assets/Art/Monsters/Grass/Epic/Thornel_front.png,Assets/Art/Monsters/Grass/Epic/Thornel_back.png,Assets/Art/Monsters/Grass/Epic/Thornel_frontshiny.png,Assets/Art/Monsters/Grass/Epic/Thornel_backshiny.png,"A hardened forest sentinel that advances slowly, striking with crushing vines and enduring immense punishment."
Main,M-010,Petorn,Grass,Rare,50,No,0,0,T-194,2,T-150,6,T-236,10,T-361,14,,,1,,,62,58,44,36,2,1.08,7,8.5,7.9,Opportunist,Petal Slash,1,Assets/Art/Monsters/Grass/Rare/Petorn_front.png,Assets/Art/Monsters/Grass/Rare/Petorn_back.png,Assets/Art/Monsters/Grass/Rare/Petorn_frontshiny.png,Assets/Art/Monsters/Grass/Rare/Petorn_backshiny.png,"A swift grass hunter that darts through foliage, striking at openings with sharp petals before retreating."
Main,M-011,Riplo,Water,Common,50,Yes,10,0,T-210,3,T-205,10,,,,,,,1,18,M-012,56,42,32,20,8,0.95,6.2,7.7,8.2,Reactive,Wave Nip,1,Assets/Art/Monsters/Water/Common/Riplo_front.png,Assets/Art/Monsters/Water/Common/Riplo_back.png,Assets/Art/Monsters/Water/Common/Riplo_frontshiny.png,Assets/Art/Monsters/Water/Common/Riplo_backshiny.png,A small aquatic crawler that snaps with watery bites and reacts quickly to threats.
Main,M-012,Riplon,Water,Uncommon,50,Yes,2,0,T-300,2,T-333,10,T-139,14,,,,,2,22,M-013,64,48,36,22,4.5,1,7,7.7,8.2,Reactive,Current Bash,1,Assets/Art/Monsters/Water/Uncommon/Riplon_front.png,Assets/Art/Monsters/Water/Uncommon/Riplon_back.png,Assets/Art/Monsters/Water/Uncommon/Riplon_frontshiny.png,Assets/Art/Monsters/Water/Uncommon/Riplon_backshiny.png,"Its body hardens with flowing armor, striking back harder as battles drag on."
Main,M-013,Tideron,Water,Rare,50,No,0,0,T-226,2,T-207,6,T-222,10,T-386,14,,,1,,,72,56,42,30,2,1.08,7.9,7.7,8.2,Equalizer,Surge Slam,1,Assets/Art/Monsters/Water/Rare/Tideron_front.png,Assets/Art/Monsters/Water/Rare/Tideron_back.png,Assets/Art/Monsters/Water/Rare/Tideron_frontshiny.png,Assets/Art/Monsters/Water/Rare/Tideron_backshiny.png,"A powerful water beast that balances offense and defense, crashing into foes with tidal force."
Main,M-014,Maril,Water,Rare,50,No,0,0,T-380,2,T-145,6,T-212,10,T-217,14,,,1,,,70,54,46,30,2,1.08,8.5,7.7,8.2,Tactical,Aqua Bind,1,Assets/Art/Monsters/Water/Rare/Maril_front.png,Assets/Art/Monsters/Water/Rare/Maril_back.png,Assets/Art/Monsters/Water/Rare/Maril_frontshiny.png,Assets/Art/Monsters/Water/Rare/Maril_backshiny.png,A calm but calculating water dweller that restrains foes with coiling currents before striking decisively.
Main,M-015,Torrin,Water,Epic,50,No,0,0,T-223,1,T-362,4,T-208,8,T-213,12,T-173,15,1,,,92,64,72,27,0.7,1.15,10.1,7.2,8.9,Defensive,Crush Tide,1,Assets/Art/Monsters/Water/Epic/Torrin_front.png,Assets/Art/Monsters/Water/Epic/Torrin_back.png,Assets/Art/Monsters/Water/Epic/Torrin_frontshiny.png,Assets/Art/Monsters/Water/Epic/Torrin_backshiny.png,A massive aquatic guardian that absorbs punishment and retaliates with crushing waves of condensed water.
Main,M-016,Zapel,Electric,Common,50,Yes,10,0,T-187,3,T-239,10,,,,,,,1,18,M-017,46,50,20,34,8,0.95,4.6,10.5,7.6,Evasive,Spark Jab,1,Assets/Art/Monsters/Electric/Common/Zapel_front.png,Assets/Art/Monsters/Electric/Common/Zapel_back.png,Assets/Art/Monsters/Electric/Common/Zapel_frontshiny.png,Assets/Art/Monsters/Electric/Common/Zapel_backshiny.png,A jittery electric critter that darts forward to shock foes before they can react.
Main,M-017,Zaprix,Electric,Uncommon,50,Yes,2,0,T-171,2,T-176,10,T-301,14,,,,,1,,,52,60,24,34,4.5,1,5.2,10.5,7.6,Evasive,Volt Slice,1,Assets/Art/Monsters/Electric/Uncommon/Zaprix_front.png,Assets/Art/Monsters/Electric/Uncommon/Zaprix_back.png,Assets/Art/Monsters/Electric/Uncommon/Zaprix_frontshiny.png,Assets/Art/Monsters/Electric/Uncommon/Zaprix_backshiny.png,"Its body crackles with stable current, moving faster and striking harder with precise electric cuts."
Main,M-018,Voltek,Electric,Rare,50,No,0,0,T-329,2,T-022,6,T-231,10,T-140,14,,,1,,,66,62,38,34,2,1.08,6.6,10.5,7.6,Relentless,Arc Smash,1,Assets/Art/Monsters/Electric/Rare/Voltek_front.png,Assets/Art/Monsters/Electric/Rare/Voltek_back.png,Assets/Art/Monsters/Electric/Rare/Voltek_frontshiny.png,Assets/Art/Monsters/Electric/Rare/Voltek_backshiny.png,"A compact electric enforcer that channels stored charge into repeated, driving strikes without slowing down."
Main,M-019,Strikon,Electric,Epic,50,No,0,0,T-195,1,T-232,4,T-072,8,T-162,12,T-167,15,1,,,78,92,44,33,0.7,1.15,7.8,11,7.2,Executioner,Thunder Cleave,1,Assets/Art/Monsters/Electric/Epic/Strikon_front.png,Assets/Art/Monsters/Electric/Epic/Strikon_back.png,Assets/Art/Monsters/Electric/Epic/Strikon_frontshiny.png,Assets/Art/Monsters/Electric/Epic/Strikon_backshiny.png,"An elite electric predator that waits for the perfect moment before unleashing devastating, high-voltage strikes."
Main,M-020,Glasir,Ice,Common,50,Yes,10,0,T-180,3,T-384,10,,,,,,,1,,,58,36,40,16,8,0.95,6.1,9.5,9.2,Patient,Frost Peck,1,Assets/Art/Monsters/Ice/Common/Glasir_front.png,Assets/Art/Monsters/Ice/Common/Glasir_back.png,Assets/Art/Monsters/Ice/Common/Glasir_frontshiny.png,Assets/Art/Monsters/Ice/Common/Glasir_backshiny.png,A cautious ice dweller that hardens its body against attacks while chipping away at foes with chilling strikes.
Main,M-021,Frozel,Ice,Uncommon,50,Yes,2,0,T-334,2,T-325,10,T-235,14,,,,,1,22,M-022,64,42,48,16,4.5,1,6.7,9,9.9,Defensive,Frost Jab,1,Assets/Art/Monsters/Ice/Uncommon/Frozel_front.png,Assets/Art/Monsters/Ice/Uncommon/Frozel_back.png,Assets/Art/Monsters/Ice/Uncommon/Frozel_frontshiny.png,Assets/Art/Monsters/Ice/Uncommon/Frozel_backshiny.png,A compact ice creature that braces itself behind thick frost plating while striking cautiously.
Main,M-022,Frosen,Ice,Rare,50,No,0,0,T-082,2,T-172,6,T-241,10,T-014,14,,,1,,,72,48,56,24,2,1.08,7.6,9,9.9,Sentinel,Glacier Slam,1,Assets/Art/Monsters/Ice/Rare/Frosen_front.png,Assets/Art/Monsters/Ice/Rare/Frosen_back.png,Assets/Art/Monsters/Ice/Rare/Frosen_frontshiny.png,Assets/Art/Monsters/Ice/Rare/Frosen_backshiny.png,"A hardened frost guardian that stands firm and retaliates with crushing, cold-laden blows."
Main,M-023,Crystir,Ice,Epic,50,No,0,0,T-381,1,T-058,4,T-088,8,T-242,12,T-141,15,1,,,96,58,84,21,0.7,1.15,10,9,10.4,Fortress,Crystal Break,1,Assets/Art/Monsters/Ice/Epic/Crystir_front.png,Assets/Art/Monsters/Ice/Epic/Crystir_back.png,Assets/Art/Monsters/Ice/Epic/Crystir_frontshiny.png,Assets/Art/Monsters/Ice/Epic/Crystir_backshiny.png,"A towering ice colossus formed of dense crystal plates, advancing slowly while shattering foes with overwhelming frozen force."
Main,M-024,Burrel,Ground,Common,50,Yes,10,0,T-364,3,T-018,10,,,,,,,1,,,60,36,38,16,8,0.95,6.6,8.5,7.9,Defensive,Stone Nudge,1,Assets/Art/Monsters/Ground/Common/Burrel_front.png,Assets/Art/Monsters/Ground/Common/Burrel_back.png,Assets/Art/Monsters/Ground/Common/Burrel_frontshiny.png,Assets/Art/Monsters/Ground/Common/Burrel_backshiny.png,"A squat ground dweller that braces itself in the soil, resisting blows while slowly wearing enemies down with heavy, earthen strikes."
Main,M-025,Digel,Ground,Common,50,Yes,10,0,T-175,3,T-006,10,,,,,,,1,18,M-026,54,44,30,22,8,0.95,6,8.1,8.6,Reactive,Dust Peck,1,Assets/Art/Monsters/Ground/Common/Digel_front.png,Assets/Art/Monsters/Ground/Common/Digel_back.png,Assets/Art/Monsters/Ground/Common/Digel_frontshiny.png,Assets/Art/Monsters/Ground/Common/Digel_backshiny.png,A small burrowing critter that pops from the soil to strike before retreating underground.
Main,M-026,Dorrel,Ground,Uncommon,50,Yes,2,0,T-060,2,T-327,10,T-240,14,,,,,2,22,M-027,62,50,34,24,4.5,1,6.9,8.1,8.6,Reactive,Earth Jab,1,Assets/Art/Monsters/Ground/Uncommon/Dorrel_front.png,Assets/Art/Monsters/Ground/Uncommon/Dorrel_back.png,Assets/Art/Monsters/Ground/Uncommon/Dorrel_frontshiny.png,Assets/Art/Monsters/Ground/Uncommon/Dorrel_backshiny.png,Its hardened claws and thicker hide allow it to punish attackers that get too close.
Main,M-027,Gravorn,Ground,Rare,50,No,0,0,T-070,2,T-144,6,T-160,10,T-165,14,,,1,,,70,56,44,30,2,1.08,7.7,8.1,8.6,Sentinel,Crush Tecton,1,Assets/Art/Monsters/Ground/Rare/Gravorn_front.png,Assets/Art/Monsters/Ground/Rare/Gravorn_back.png,Assets/Art/Monsters/Ground/Rare/Gravorn_frontshiny.png,Assets/Art/Monsters/Ground/Rare/Gravorn_backshiny.png,"A dominant ground beast that anchors itself firmly, striking back with crushing, tectonic force."
Main,M-028,Stonel,Rock,Common,50,Yes,10,0,T-224,3,T-328,10,,,,,,,1,,,62,30,44,14,8,0.95,6.1,8.1,9.5,Defensive,Rock Tap,1,Assets/Art/Monsters/Rock/Common/Stonel_front.png,Assets/Art/Monsters/Rock/Common/Stonel_back.png,Assets/Art/Monsters/Rock/Common/Stonel_frontshiny.png,Assets/Art/Monsters/Rock/Common/Stonel_backshiny.png,"A small rock-bodied creature that braces in place and slowly chips away at foes with steady, grinding blows."
Main,M-029,Gran,Rock,Uncommon,50,Yes,2,0,T-010,2,T-206,10,T-211,14,,,,,1,22,M-030,68,38,52,14,4.5,1,6.8,8.1,9.5,Stoic,Stone Bash,1,Assets/Art/Monsters/Rock/Uncommon/Gran_front.png,Assets/Art/Monsters/Rock/Uncommon/Gran_back.png,Assets/Art/Monsters/Rock/Uncommon/Gran_frontshiny.png,Assets/Art/Monsters/Rock/Uncommon/Gran_backshiny.png,"A compact rock beast that absorbs blows with layered stone and retaliates with heavy, deliberate strikes."
Main,M-030,Granor,Rock,Rare,50,No,0,0,T-189,2,T-221,6,T-002,10,T-181,14,,,1,,,80,44,66,20,2,1.08,7.6,8.1,9.5,Fortress,Ruin Slam,1,Assets/Art/Monsters/Rock/Rare/Granor_front.png,Assets/Art/Monsters/Rock/Rare/Granor_back.png,Assets/Art/Monsters/Rock/Rare/Granor_frontshiny.png,Assets/Art/Monsters/Rock/Rare/Granor_backshiny.png,"A hulking stone guardian that stands immovable, crushing enemies beneath overwhelming rocky force."
Main,M-031,Magorn,Rock,Epic,50,No,0,0,T-357,1,T-218,4,T-227,8,T-185,12,T-151,15,1,,,98,60,86,21,0.7,1.15,8.8,8.1,10.8,Guardian,Molten Crush,1,Assets/Art/Monsters/Rock/Epic/Magorn_front.png,Assets/Art/Monsters/Rock/Epic/Magorn_back.png,Assets/Art/Monsters/Rock/Epic/Magorn_frontshiny.png,Assets/Art/Monsters/Rock/Epic/Magorn_backshiny.png,"A massive rock brute infused with lingering heat, advancing steadily while smashing foes with crushing, lava-hot stone."
Main,M-032,Skipel,Bug,Common,50,Yes,10,0,T-229,3,T-143,10,,,,,,,1,,,44,46,22,38,8,0.95,4.6,7.2,7.9,Evasive,Wing Jab,1,Assets/Art/Monsters/Bug/Common/Skipel_front.png,Assets/Art/Monsters/Bug/Common/Skipel_back.png,Assets/Art/Monsters/Bug/Common/Skipel_frontshiny.png,Assets/Art/Monsters/Bug/Common/Skipel_backshiny.png,"A quick-winged bug that darts erratically through the air, striking fast before slipping out of reach."
Main,M-033,Nibrel,Bug,Uncommon,50,Yes,2,0,T-183,2,T-390,10,T-149,14,,,,,1,22,M-034,48,52,26,34,4.5,1,5,7.2,7.9,Trickster,Pincer Pop,1,Assets/Art/Monsters/Bug/Uncommon/Nibrel_front.png,Assets/Art/Monsters/Bug/Uncommon/Nibrel_back.png,Assets/Art/Monsters/Bug/Uncommon/Nibrel_frontshiny.png,Assets/Art/Monsters/Bug/Uncommon/Nibrel_backshiny.png,"A jittery bug that bounces unpredictably, snapping at foes with quick pincers before they can react."
Main,M-034,Pinorn,Bug,Rare,50,No,0,0,T-199,2,T-086,6,T-230,10,T-385,14,,,1,,,56,62,30,38,2,1.08,5.6,7.2,7.9,Pouncer,Crush Pincer,1,Assets/Art/Monsters/Bug/Rare/Pinorn_front.png,Assets/Art/Monsters/Bug/Rare/Pinorn_back.png,Assets/Art/Monsters/Bug/Rare/Pinorn_frontshiny.png,Assets/Art/Monsters/Bug/Rare/Pinorn_backshiny.png,"A sharp-eyed insect hunter that lunges suddenly, crushing enemies with powerful, well-timed pincer strikes."
Main,M-035,Aurel,Sky,Common,50,Yes,10,0,T-389,3,T-005,10,,,,,,,1,,,44,48,22,36,8,0.95,4.8,9.5,7.1,Evasive,Gale Peck,1,Assets/Art/Monsters/Sky/Common/Aurel_front.png,Assets/Art/Monsters/Sky/Common/Aurel_back.png,Assets/Art/Monsters/Sky/Common/Aurel_frontshiny.png,Assets/Art/Monsters/Sky/Common/Aurel_backshiny.png,A nimble sky flier that swoops in with sharp pecks before darting away on swift wings.
Main,M-036,Fearel,Sky,Uncommon,50,Yes,2,0,T-013,2,T-203,10,T-062,14,,,,,1,22,M-037,48,52,26,38,4.5,1,5.2,9.5,7.1,Evasive,Air Jab,1,Assets/Art/Monsters/Sky/Uncommon/Fearel_front.png,Assets/Art/Monsters/Sky/Uncommon/Fearel_back.png,Assets/Art/Monsters/Sky/Uncommon/Fearel_frontshiny.png,Assets/Art/Monsters/Sky/Uncommon/Fearel_backshiny.png,"A sharp-eyed sky hunter that darts between air currents, striking swiftly before retreating upward."
Main,M-037,Skiron,Sky,Rare,50,No,0,0,T-340,2,T-307,6,T-063,10,T-308,14,,,1,,,56,62,30,42,2,1.08,5.8,9.5,7.1,Opportunist,Sky Rend,1,Assets/Art/Monsters/Sky/Rare/Skiron_front.png,Assets/Art/Monsters/Sky/Rare/Skiron_back.png,Assets/Art/Monsters/Sky/Rare/Skiron_frontshiny.png,Assets/Art/Monsters/Sky/Rare/Skiron_backshiny.png,"A seasoned aerial predator that exploits openings from above, tearing through foes with precise, wind-driven strikes."
Main,M-038,Tekon,Alloy,Common,50,Yes,10,0,T-332,3,T-007,10,,,,,,,1,,,52,46,36,16,8,0.95,4.9,8,11.4,Tactical,Metal Jab,1,Assets/Art/Monsters/Alloy/Common/Tekon_front.png,Assets/Art/Monsters/Alloy/Common/Tekon_back.png,Assets/Art/Monsters/Alloy/Common/Tekon_frontshiny.png,Assets/Art/Monsters/Alloy/Common/Tekon_backshiny.png,"A small alloy construct that moves with careful precision, striking steadily while its reinforced body absorbs incoming blows."
Main,M-039,Coretek,Alloy,Epic,50,No,0,0,T-178,1,T-225,4,T-193,8,T-054,12,T-234,15,1,,,88,66,78,23,0.7,1.15,8.4,6.4,11.4,Sentinel,Gear Crush,1,Assets/Art/Monsters/Alloy/Epic/Coretek_front.png,Assets/Art/Monsters/Alloy/Epic/Coretek_back.png,Assets/Art/Monsters/Alloy/Epic/Coretek_frontshiny.png,Assets/Art/Monsters/Alloy/Epic/Coretek_backshiny.png,"A rotating alloy sentinel that locks into position, grinding enemies down with precise mechanical force and reinforced plating."
Main,M-040,Ironyx,Alloy,Mythic,50,No,0,0,T-043,2,T-293,5,T-057,8,T-048,12,T-142,15,1,,,120,78,92,30,0.05,1.3,10.8,6.4,12.6,Fortress,Anvil Break,1,Assets/Art/Monsters/Alloy/Mythic/Ironyx_front.png,Assets/Art/Monsters/Alloy/Mythic/Ironyx_back.png,Assets/Art/Monsters/Alloy/Mythic/Ironyx_frontshiny.png,Assets/Art/Monsters/Alloy/Mythic/Ironyx_backshiny.png,"A legendary alloy juggernaut forged around a living core, advancing relentlessly as its reinforced frame shrugs off all but the most powerful attacks."
Main,M-041,Wispel,Specter,Common,50,Yes,10,0,T-220,3,T-215,10,,,,,,,1,,,48,44,28,30,8,0.95,6.9,9.5,8.8,Phantom,Veil Touch,1,Assets/Art/Monsters/Specter/Common/Wispel_front.png,Assets/Art/Monsters/Specter/Common/Wispel_back.png,Assets/Art/Monsters/Specter/Common/Wispel_frontshiny.png,Assets/Art/Monsters/Specter/Common/Wispel_backshiny.png,"A faint specter that flickers in and out of view, slipping through attacks while draining foes with chilling, ghostly strikes."
Main,M-042,Graveil,Specter,Epic,50,No,0,0,T-216,1,T-315,4,T-017,8,T-148,12,T-159,15,1,,,82,74,44,35,0.7,1.15,9.4,9.9,9.7,Phantom,Veil Rend,1,Assets/Art/Monsters/Specter/Epic/Graveil_front.png,Assets/Art/Monsters/Specter/Epic/Graveil_back.png,Assets/Art/Monsters/Specter/Epic/Graveil_frontshiny.png,Assets/Art/Monsters/Specter/Epic/Graveil_backshiny.png,"An elite specter that slips between moments, striking from shadowed angles before fading back into the veil."
Main,M-043,Shadeveil,Specter,Legendary,50,No,0,0,T-352,2,T-179,5,T-209,8,T-214,12,T-388,15,1,,,94,82,56,38,0.25,1.22,10.8,10,10.9,Phantom,Umbral Pierce,1,Assets/Art/Monsters/Specter/Legendary/Shadeveil_front.png,Assets/Art/Monsters/Specter/Legendary/Shadeveil_back.png,Assets/Art/Monsters/Specter/Legendary/Shadeveil_frontshiny.png,Assets/Art/Monsters/Specter/Legendary/Shadeveil_backshiny.png,"A legendary specter that weaves between reality and shadow, striking with silent precision before dissolving back into the veil."
Main,M-044,Umrel,Umbral,Common,50,Yes,10,0,T-130,3,T-003,10,,,,,,,1,,,54,46,30,20,8,0.95,6.2,11,8.3,Reactive,Shadow Jab,1,Assets/Art/Monsters/Umbral/Common/Umrel_front.png,Assets/Art/Monsters/Umbral/Common/Umrel_back.png,Assets/Art/Monsters/Umbral/Common/Umrel_frontshiny.png,Assets/Art/Monsters/Umbral/Common/Umrel_backshiny.png,"A small umbral creature that lashes out from darkened corners, retreating quickly as shadows close around it."
Main,M-045,Dreadnyx,Umbral,Epic,50,No,0,0,T-353,1,T-338,4,T-133,8,T-033,12,T-128,15,1,34,M-046,78,84,40,33,0.7,1.15,9,11,8.7,Opportunist,Night Rend,1,Assets/Art/Monsters/Umbral/Epic/Dreadnyx_front.png,Assets/Art/Monsters/Umbral/Epic/Dreadnyx_back.png,Assets/Art/Monsters/Umbral/Epic/Dreadnyx_frontshiny.png,Assets/Art/Monsters/Umbral/Epic/Dreadnyx_backshiny.png,"An umbral hunter that exploits openings from the dark, striking hard before melting back into shadow."
Main,M-046,Dreadveil,Umbral,Legendary,50,No,0,0,T-310,2,T-311,5,T-119,8,T-147,12,T-238,15,1,,,90,96,48,36,0.25,1.22,10.4,11,9.6,Phantom,Veil Reap,1,Assets/Art/Monsters/Umbral/Legendary/Dreadveil_front.png,Assets/Art/Monsters/Umbral/Legendary/Dreadveil_back.png,Assets/Art/Monsters/Umbral/Legendary/Dreadveil_frontshiny.png,Assets/Art/Monsters/Umbral/Legendary/Dreadveil_backshiny.png,"A legendary shadow entity that phases through the veil itself, reappearing to deliver devastating, silent blows."
Main,M-047,Wyrrel,Wyrm,Common,50,Yes,10,0,T-192,3,T-030,10,,,,,,,1,18,M-048,52,50,26,22,8,0.95,5.2,9,8.8,Chaotic,Flare Snap,1,Assets/Art/Monsters/Wyrm/Common/Wyrrel_front.png,Assets/Art/Monsters/Wyrm/Common/Wyrrel_back.png,Assets/Art/Monsters/Wyrm/Common/Wyrrel_frontshiny.png,Assets/Art/Monsters/Wyrm/Common/Wyrrel_backshiny.png,"A young wyrm that lunges wildly, scorching everything around it as it struggles to control its power."
Main,M-048,Wyrrax,Wyrm,Uncommon,50,Yes,2,0,T-188,2,T-031,10,T-164,14,,,,,1,,,60,60,30,26,4.5,1,5.9,9,8.8,Wildling,Inferno Dive,1,Assets/Art/Monsters/Wyrm/Uncommon/Wyrrax_front.png,Assets/Art/Monsters/Wyrm/Uncommon/Wyrrax_back.png,Assets/Art/Monsters/Wyrm/Uncommon/Wyrrax_frontshiny.png,Assets/Art/Monsters/Wyrm/Uncommon/Wyrrax_backshiny.png,"A more developed wyrm that crashes into enemies from above, trading its own safety for explosive damage."
Main,M-049,Drakon,Wyrm,Epic,50,No,0,0,T-200,1,T-367,4,T-023,8,T-337,12,T-032,15,1,,,88,98,36,33,0.7,1.15,6.9,9.5,9.2,Berserker,Sky Rend,1,Assets/Art/Monsters/Wyrm/Epic/Drakon_front.png,Assets/Art/Monsters/Wyrm/Epic/Drakon_back.png,Assets/Art/Monsters/Wyrm/Epic/Drakon_frontshiny.png,Assets/Art/Monsters/Wyrm/Epic/Drakon_backshiny.png,"A fearsome wyrm that tears through enemies with savage aerial assaults, favoring overwhelming offense over self-preservation."
Main,M-050,Pyraxis,Wyrm,Legendary,50,No,0,0,T-313,2,T-309,5,T-034,8,T-073,12,T-089,15,1,,,102,112,44,36,0.25,1.22,7.6,9.5,9.9,Executioner,Cataclysm Bite,1,Assets/Art/Monsters/Wyrm/Legendary/Pyraxis_front.png,Assets/Art/Monsters/Wyrm/Legendary/Pyraxis_back.png,Assets/Art/Monsters/Wyrm/Legendary/Pyraxis_frontshiny.png,Assets/Art/Monsters/Wyrm/Legendary/Pyraxis_backshiny.png,"A legendary wyrm whose focused, devastating strikes leave scorched ruin in their wake, ending battles in brutal, decisive blows."
Main,M-051,Orisel,Oracle,Common,50,Yes,10,0,T-065,3,T-169,10,,,,,,,1,,,62,34,36,18,8,0.95,7.4,9,9.9,Strategic,Fate Tap,1,Assets/Art/Monsters/Oracle/Common/Orisel_front.png,Assets/Art/Monsters/Oracle/Common/Orisel_back.png,Assets/Art/Monsters/Oracle/Common/Orisel_frontshiny.png,Assets/Art/Monsters/Oracle/Common/Orisel_backshiny.png,"A quiet oracle wisp that studies its foe before acting, favoring foresight and careful, measured strikes."
Main,M-052,Prophel,Oracle,Epic,50,No,0,0,T-349,1,T-083,4,T-335,8,T-306,12,T-304,15,1,,,88,66,60,21,0.7,1.15,10.6,10,11.4,Commander,Omen Strike,1,Assets/Art/Monsters/Oracle/Epic/Prophel_front.png,Assets/Art/Monsters/Oracle/Epic/Prophel_back.png,Assets/Art/Monsters/Oracle/Epic/Prophel_frontshiny.png,Assets/Art/Monsters/Oracle/Epic/Prophel_backshiny.png,"An imposing oracle enforcer that reads the flow of battle in advance, striking with decisive force guided by grim foresight."
Main,M-053,Divinel,Oracle,Mythic,50,No,0,0,T-163,2,T-168,5,T-382,8,T-243,12,T-286,15,1,,,112,74,82,32,0.05,1.3,13.4,10,12.6,Analyst,Judgment Ray,1,Assets/Art/Monsters/Oracle/Mythic/Divinel_front.png,Assets/Art/Monsters/Oracle/Mythic/Divinel_back.png,Assets/Art/Monsters/Oracle/Mythic/Divinel_frontshiny.png,Assets/Art/Monsters/Oracle/Mythic/Divinel_backshiny.png,"A mythic oracle being that peers far beyond the present moment, unleashing precise, inevitable strikes guided by absolute foresight."
Main,M-054,Clarel,Clash,Common,50,Yes,10,0,T-326,3,T-346,10,,,,,,,1,18,M-055,50,52,24,24,8,0.95,4.8,11,7.2,Aggressive,Impact Jab,1,Assets/Art/Monsters/Clash/Common/Clarel_front.png,Assets/Art/Monsters/Clash/Common/Clarel_back.png,Assets/Art/Monsters/Clash/Common/Clarel_frontshiny.png,Assets/Art/Monsters/Clash/Common/Clarel_backshiny.png,"A feisty clash brawler that charges straight in, favoring constant pressure over caution."
Main,M-055,Claron,Clash,Uncommon,50,Yes,2,0,T-121,2,T-131,10,T-126,14,,,,,1,,,58,62,28,26,4.5,1,5.4,11,7.2,Relentless,Break Rush,1,Assets/Art/Monsters/Clash/Uncommon/Claron_front.png,Assets/Art/Monsters/Clash/Uncommon/Claron_back.png,Assets/Art/Monsters/Clash/Uncommon/Claron_frontshiny.png,Assets/Art/Monsters/Clash/Uncommon/Claron_backshiny.png,"A hardened clash fighter that builds momentum with every hit, driving foes back through sheer force."
Main,M-056,Brawlok,Clash,Rare,50,No,0,0,T-067,2,T-132,6,T-184,10,T-204,14,,,1,,,72,76,42,28,2,1.08,6.8,11,7.2,Bruiser,Crush Swing,1,Assets/Art/Monsters/Clash/Rare/Brawlok_front.png,Assets/Art/Monsters/Clash/Rare/Brawlok_back.png,Assets/Art/Monsters/Clash/Rare/Brawlok_frontshiny.png,Assets/Art/Monsters/Clash/Rare/Brawlok_backshiny.png,"A seasoned clash enforcer that trades blows head-on, growing stronger the longer it stays locked in brutal close combat."
Main,M-057,Clashorn,Clash,Epic,50,No,0,0,T-123,1,T-118,4,T-053,8,T-287,12,T-042,15,1,,,86,98,40,31,0.7,1.15,6.9,11,7.8,Berserker,Rend Impact,1,Assets/Art/Monsters/Clash/Epic/Clashorn_front.png,Assets/Art/Monsters/Clash/Epic/Clashorn_back.png,Assets/Art/Monsters/Clash/Epic/Clashorn_frontshiny.png,Assets/Art/Monsters/Clash/Epic/Clashorn_backshiny.png,"A brutal clash juggernaut that thrives in prolonged combat, tearing into enemies with escalating, bone-crushing force."
Main,M-058,Morbel,Corrupt,Common,50,Yes,10,0,T-120,3,T-115,10,,,,,,,1,18,M-059,54,54,22,20,8,0.95,6.2,11,9.2,Chaotic,Rot Jab,1,Assets/Art/Monsters/Corrupt/Common/Morbel_front.png,Assets/Art/Monsters/Corrupt/Common/Morbel_back.png,Assets/Art/Monsters/Corrupt/Common/Morbel_frontshiny.png,Assets/Art/Monsters/Corrupt/Common/Morbel_backshiny.png,"A warped sprout born of corruption, lurching forward with reckless strikes and unstable energy."
Main,M-059,Morbren,Corrupt,Uncommon,50,Yes,2,0,T-116,2,T-303,10,T-075,14,,,,,1,,,62,64,26,24,4.5,1,7.1,11,9.2,Wildling,Blight Smash,1,Assets/Art/Monsters/Corrupt/Uncommon/Morbren_front.png,Assets/Art/Monsters/Corrupt/Uncommon/Morbren_back.png,Assets/Art/Monsters/Corrupt/Uncommon/Morbren_frontshiny.png,Assets/Art/Monsters/Corrupt/Uncommon/Morbren_backshiny.png,"A fully corrupted brute that thrives on chaos, smashing enemies with volatile force that grows more dangerous the longer it fights."
Main,M-060,Blightor,Corrupt,Mythic,50,No,0,0,T-312,2,T-134,5,T-152,8,T-124,12,T-174,15,1,,,118,104,48,30,0.05,1.3,13.6,11,12.1,Wildling,Ruin Burst,1,Assets/Art/Monsters/Corrupt/Mythic/Blightor_front.png,Assets/Art/Monsters/Corrupt/Mythic/Blightor_back.png,Assets/Art/Monsters/Corrupt/Mythic/Blightor_frontshiny.png,Assets/Art/Monsters/Corrupt/Mythic/Blightor_backshiny.png,"A mythic avatar of corruption that radiates unstable power, overwhelming foes with catastrophic strikes fueled by rampant decay."
Main,M-061,Nightveil,Umbral,Boss,50,No,0,5,,,,,,,,,,,1,,,160,140,70,30,0,1,18.4,11,10.5,Phantom,Veil Annihilation,1,Assets/Art/Monsters/Umbral/Boss/Nightveil_front.png,Assets/Art/Monsters/Umbral/Boss/Nightveil_back.png,Assets/Art/Monsters/Umbral/Boss/Nightveil_frontshiny.png,Assets/Art/Monsters/Umbral/Boss/Nightveil_backshiny.png,"A boss-class umbral entity that tears through reality itself, phasing between shadows as it delivers devastating, unavoidable strikes."
Main,M-062,Stormek,Electric,Boss,50,No,0,5,,,,,,,,,,,1,,,140,160,60,40,0,1,14,11.6,9.5,Executioner,Catastorm,1,Assets/Art/Monsters/Electric/Boss/Stormek_front.png,Assets/Art/Monsters/Electric/Boss/Stormek_back.png,Assets/Art/Monsters/Electric/Boss/Stormek_frontshiny.png,Assets/Art/Monsters/Electric/Boss/Stormek_backshiny.png,A colossal electric tyrant that builds lethal charge before unleashing battlefield-clearing bursts of lightning.
Main,M-063,Skyrend,Sky,Boss,50,No,0,5,,,,,,,,,,,1,,,130,150,55,65,0,1,13,11,9.5,Opportunist,Heaven Split,1,Assets/Art/Monsters/Sky/Boss/Skyrend_front.png,Assets/Art/Monsters/Sky/Boss/Skyrend_back.png,Assets/Art/Monsters/Sky/Boss/Skyrend_frontshiny.png,Assets/Art/Monsters/Sky/Boss/Skyrend_backshiny.png,"A supreme aerial predator that dominates the skies, striking from impossible angles with overwhelming speed and force."
Main,M-064,Pyroth,Fire,Boss,50,No,0,5,,,,,,,,,,,1,,,150,170,50,30,0,1,14.3,12.1,9,Berserker,Worldburn,1,Assets/Art/Monsters/Fire/Boss/Pyroth_front.png,Assets/Art/Monsters/Fire/Boss/Pyroth_back.png,Assets/Art/Monsters/Fire/Boss/Pyroth_frontshiny.png,Assets/Art/Monsters/Fire/Boss/Pyroth_backshiny.png,"A raging inferno incarnate that floods the battlefield with relentless flames, growing more destructive the longer it survives."
Main,M-065,Swarmor,Bug,Boss,50,No,0,5,,,,,,,,,,,1,,,145,135,70,50,0,1,15.2,8.5,9.8,Wildling,Endless Brood,1,Assets/Art/Monsters/Bug/Boss/Swarmor_front.png,Assets/Art/Monsters/Bug/Boss/Swarmor_back.png,Assets/Art/Monsters/Bug/Boss/Swarmor_frontshiny.png,Assets/Art/Monsters/Bug/Boss/Swarmor_backshiny.png,A nightmare hive mind that overwhelms foes through sheer numbers and relentless coordinated assault.
Verdant Origins,M-066,Flore,Grass,Common,50,No,0,0,T-330,3,T-202,10,,,,,,,1,18,M-067,56,38,34,20,8,0.95,6.2,8.5,7.9,Supportive,Leaf Jab,1,Assets/Monsters/Packs/Verdant Origins/Flore/Flore_front.png,Assets/Monsters/Packs/Verdant Origins/Flore/Flore_back.png,Assets/Monsters/Packs/Verdant Origins/Flore/Flore_frontshiny.png,Assets/Monsters/Packs/Verdant Origins/Flore/Flore_backshiny.png,A nimble sprout monster that supports allies while striking with quick flexible leaves.
Verdant Origins,M-067,Florrel,Grass,Uncommon,50,No,0,0,T-198,2,T-021,10,T-197,14,,,,,1,,,64,44,38,22,4.5,1,7.1,8.5,7.9,Guardian,Bloom Lash,1,Assets/Monsters/Packs/Verdant Origins/Florrel/Florrel_front.png,Assets/Monsters/Packs/Verdant Origins/Florrel/Florrel_back.png,Assets/Monsters/Packs/Verdant Origins/Florrel/Florrel_frontshiny.png,Assets/Monsters/Packs/Verdant Origins/Florrel/Florrel_backshiny.png,Its petals harden into layered fronds allowing it to guard allies while lashing foes with controlled strikes.
Verdant Origins,M-068,Scuttle,Bug,Common,50,No,0,0,T-138,3,T-153,10,,,,,,,1,,,42,44,22,40,8,0.95,4.6,7.2,7.9,Pouncer,Skitter Jab,1,Assets/Monsters/Packs/Verdant Origins/Scuttle/Scuttle_front.png,Assets/Monsters/Packs/Verdant Origins/Scuttle/Scuttle_back.png,Assets/Monsters/Packs/Verdant Origins/Scuttle/Scuttle_frontshiny.png,Assets/Monsters/Packs/Verdant Origins/Scuttle/Scuttle_backshiny.png,A fast-moving insect that zips across the field striking quickly before enemies can react.
Verdant Origins,M-069,Clodrel,Ground,Uncommon,50,No,0,0,T-061,2,T-351,10,T-040,14,,,,,1,,,68,40,50,14,4.5,1,7.5,8.1,8.6,Stoic,Earth Press,1,Assets/Monsters/Packs/Verdant Origins/Clodrel/Clodrel_front.png,Assets/Monsters/Packs/Verdant Origins/Clodrel/Clodrel_back.png,Assets/Monsters/Packs/Verdant Origins/Clodrel/Clodrel_frontshiny.png,Assets/Monsters/Packs/Verdant Origins/Clodrel/Clodrel_backshiny.png,A dense ground dweller that anchors itself firmly absorbing punishment while slowly crushing foes with earthen force.
Infernal Awakening,M-070,Cindel,Fire,Common,50,No,0,0,T-125,3,T-120,10,,,,,,,1,18,M-071,50,54,22,24,8,0.95,4.8,11,7.2,Aggressive,Ember Jab,1,Assets/Monsters/Packs/Infernal Awakening/Cindel/Cindel_front.png,Assets/Monsters/Packs/Infernal Awakening/Cindel/Cindel_back.png,Assets/Monsters/Packs/Infernal Awakening/Cindel/Cindel_frontshiny.png,Assets/Monsters/Packs/Infernal Awakening/Cindel/Cindel_backshiny.png,A fiery cub-like monster that charges eagerly striking with small but persistent bursts of flame.
Infernal Awakening,M-071,Cindren,Fire,Uncommon,50,No,0,0,T-305,2,T-001,10,T-045,14,,,,,1,22,M-072,58,64,26,26,4.5,1,5.4,11,7.2,Berserker,Flare Claw,1,Assets/Monsters/Packs/Infernal Awakening/Cindren/Cindren_front.png,Assets/Monsters/Packs/Infernal Awakening/Cindren/Cindren_back.png,Assets/Monsters/Packs/Infernal Awakening/Cindren/Cindren_frontshiny.png,Assets/Monsters/Packs/Infernal Awakening/Cindren/Cindren_backshiny.png,Its flames burn brighter as it grows bolder chaining aggressive attacks without letting up.
Infernal Awakening,M-072,Pyrelon,Fire,Rare,50,No,0,0,T-268,2,T-008,6,T-041,10,T-055,14,,,1,,,66,76,30,28,2,1.08,6.1,11,7.2,Berserker,Inferno Rush,1,Assets/Monsters/Packs/Infernal Awakening/Pyrelon/Pyrelon_front.png,Assets/Monsters/Packs/Infernal Awakening/Pyrelon/Pyrelon_back.png,Assets/Monsters/Packs/Infernal Awakening/Pyrelon/Pyrelon_frontshiny.png,Assets/Monsters/Packs/Infernal Awakening/Pyrelon/Pyrelon_backshiny.png,A fully ignited fire brute that overwhelms foes through relentless pressure and roaring heat.
Infernal Awakening,M-073,Rotbud,Corrupt,Common,50,No,0,0,T-130,3,T-170,10,,,,,,,1,18,M-074,52,52,24,18,8,0.95,6,11,9.2,Unpredictable,Blight Jab,1,Assets/Monsters/Packs/Infernal Awakening/Rotbud/Rotbud_front.png,Assets/Monsters/Packs/Infernal Awakening/Rotbud/Rotbud_back.png,Assets/Monsters/Packs/Infernal Awakening/Rotbud/Rotbud_frontshiny.png,Assets/Monsters/Packs/Infernal Awakening/Rotbud/Rotbud_backshiny.png,A corrupted growth that lurches unpredictably striking with unstable and decaying energy.
Infernal Awakening,M-074,Blossorn,Corrupt,Uncommon,50,No,0,0,T-050,2,T-139,10,T-171,14,,,,,1,,,60,62,28,20,4.5,1,6.9,11,9.2,Unpredictable,Decay Crush,1,Assets/Monsters/Packs/Infernal Awakening/Blossorn/Blossorn_front.png,Assets/Monsters/Packs/Infernal Awakening/Blossorn/Blossorn_back.png,Assets/Monsters/Packs/Infernal Awakening/Blossorn/Blossorn_frontshiny.png,Assets/Monsters/Packs/Infernal Awakening/Blossorn/Blossorn_backshiny.png,Its corruption fully blooms empowering heavy
Tides of Rebirth,M-075,Peblo,Water,Common,50,No,0,0,T-182,3,T-347,10,,,,,,,1,18,M-076,54,40,30,24,8,0.95,6.5,7.7,8.2,Supportive,Shell Snap,1,Assets/Monsters/Packs/Tides of Rebirth/Peblo/Peblo_front.png,Assets/Monsters/Packs/Tides of Rebirth/Peblo/Peblo_back.png,Assets/Monsters/Packs/Tides of Rebirth/Peblo/Peblo_frontshiny.png,Assets/Monsters/Packs/Tides of Rebirth/Peblo/Peblo_backshiny.png,A small water dweller that reacts quickly snapping at threats with hardened claws and splashes.
Tides of Rebirth,M-076,Pebron,Water,Uncommon,50,No,0,0,T-300,2,T-333,10,T-206,14,,,,,1,22,M-077,62,48,36,26,4.5,1,7.4,7.7,8.2,Stoic,Current Claw,1,Assets/Monsters/Packs/Tides of Rebirth/Pebron/Pebron_front.png,Assets/Monsters/Packs/Tides of Rebirth/Pebron/Pebron_back.png,Assets/Monsters/Packs/Tides of Rebirth/Pebron/Pebron_frontshiny.png,Assets/Monsters/Packs/Tides of Rebirth/Pebron/Pebron_backshiny.png,Its shell thickens as it adapts striking back harder the longer it remains engaged.
Tides of Rebirth,M-077,Pebros,Water,Rare,50,No,0,0,T-071,2,T-161,6,T-166,10,T-046,14,,,1,,,70,56,42,28,2,1.08,8.3,7.7,8.2,Guardian,Tide Crush,1,Assets/Monsters/Packs/Tides of Rebirth/Pebros/Pebros_front.png,Assets/Monsters/Packs/Tides of Rebirth/Pebros/Pebros_back.png,Assets/Monsters/Packs/Tides of Rebirth/Pebros/Pebros_frontshiny.png,Assets/Monsters/Packs/Tides of Rebirth/Pebros/Pebros_backshiny.png,A fully matured water brute that balances offense and defense crashing into enemies with steady tidal force.
Tides of Rebirth,M-078,Seeron,Oracle,Common,50,No,0,0,T-239,3,T-180,10,,,,,,,1,18,M-079,60,34,34,20,8,0.95,7.2,9,9.9,Analyst,Insight Tap,1,Assets/Monsters/Packs/Tides of Rebirth/Seeron/Seeron_front.png,Assets/Monsters/Packs/Tides of Rebirth/Seeron/Seeron_back.png,Assets/Monsters/Packs/Tides of Rebirth/Seeron/Seeron_frontshiny.png,Assets/Monsters/Packs/Tides of Rebirth/Seeron/Seeron_backshiny.png,A young oracle watcher that studies the battlefield striking only after reading its opponent.
Tides of Rebirth,M-079,Seerel,Oracle,Uncommon,50,No,0,0,T-335,2,T-176,10,T-235,14,,,,,1,,,68,40,40,22,4.5,1,8.1,9,9.9,Strategic,Foresight Strike,1,Assets/Monsters/Packs/Tides of Rebirth/Seerel/Seerel_front.png,Assets/Monsters/Packs/Tides of Rebirth/Seerel/Seerel_back.png,Assets/Monsters/Packs/Tides of Rebirth/Seerel/Seerel_frontshiny.png,Assets/Monsters/Packs/Tides of Rebirth/Seerel/Seerel_backshiny.png,Its visions sharpen allowing it to predict movements and land precise
Storm Genesis,M-080,Voltbud,Electric,Common,50,No,0,0,T-187,3,T-384,10,,,,,,,1,18,M-081,46,48,22,36,8,0.95,4.6,10.5,7.6,Trickster,Spark Jab,1,Assets/Monsters/Packs/Storm Genesis/Voltbud/Voltbud_front.png,Assets/Monsters/Packs/Storm Genesis/Voltbud/Voltbud_back.png,Assets/Monsters/Packs/Storm Genesis/Voltbud/Voltbud_frontshiny.png,Assets/Monsters/Packs/Storm Genesis/Voltbud/Voltbud_backshiny.png,A jittery electric sprout that crackles with unstable energy darting in to shock foes before retreating.
Storm Genesis,M-081,Voltorn,Electric,Uncommon,50,No,0,0,T-301,2,T-014,10,T-240,14,,,,,1,22,M-082,54,58,26,38,4.5,1,5.2,10.5,7.6,Pouncer,Arc Bash,1,Assets/Monsters/Packs/Storm Genesis/Voltorn/Voltorn_front.png,Assets/Monsters/Packs/Storm Genesis/Voltorn/Voltorn_back.png,Assets/Monsters/Packs/Storm Genesis/Voltorn/Voltorn_frontshiny.png,Assets/Monsters/Packs/Storm Genesis/Voltorn/Voltorn_backshiny.png,Its crystalline spikes conduct steady current allowing faster movement and harder-hitting electric strikes.
Storm Genesis,M-082,Voltrix,Electric,Rare,50,No,0,0,T-051,2,T-329,6,T-022,10,T-087,14,,,1,,,62,70,30,40,2,1.08,5.9,10.5,7.6,Pouncer,Thunder Break,1,Assets/Monsters/Packs/Storm Genesis/Voltrix/Voltrix_front.png,Assets/Monsters/Packs/Storm Genesis/Voltrix/Voltrix_back.png,Assets/Monsters/Packs/Storm Genesis/Voltrix/Voltrix_frontshiny.png,Assets/Monsters/Packs/Storm Genesis/Voltrix/Voltrix_backshiny.png,A fully charged electric predator that unleashes decisive high-voltage blows to finish battles quickly.
Storm Genesis,M-083,Skylit,Sky,Common,50,No,0,0,T-018,3,T-175,10,,,,,,,1,,,42,44,22,38,8,0.95,4.8,9.5,7.1,Trickster,Breeze Peck,1,Assets/Monsters/Packs/Storm Genesis/Skylit/Skylit_front.png,Assets/Monsters/Packs/Storm Genesis/Skylit/Skylit_back.png,Assets/Monsters/Packs/Storm Genesis/Skylit/Skylit_frontshiny.png,Assets/Monsters/Packs/Storm Genesis/Skylit/Skylit_backshiny.png,A light-bodied sky creature that glides effortlessly striking with quick pecks before riding the wind away.
Echoes of Stone,M-088,Shardel,Rock,Common,50,No,0,0,T-020,3,T-348,10,,,,,,,1,18,M-089,58,36,40,16,8,0.95,5.2,8.1,9.5,Stoic,Stone Flick,1,Assets/Monsters/Packs/Echoes of Stone/Shardel/Shardel_front.png,Assets/Monsters/Packs/Echoes of Stone/Shardel/Shardel_back.png,Assets/Monsters/Packs/Echoes of Stone/Shardel/Shardel_frontshiny.png,Assets/Monsters/Packs/Echoes of Stone/Shardel/Shardel_backshiny.png,A brittle rock creature that skitters across the ground flinging sharp shards while bracing against attacks.
Echoes of Stone,M-089,Shardorn,Rock,Uncommon,50,No,0,0,T-010,2,T-060,10,T-211,14,,,,,1,,,66,42,52,18,4.5,1,5.9,8.1,9.5,Guardian,Crag Pierce,1,Assets/Monsters/Packs/Echoes of Stone/Shardorn/Shardorn_front.png,Assets/Monsters/Packs/Echoes of Stone/Shardorn/Shardorn_back.png,Assets/Monsters/Packs/Echoes of Stone/Shardorn/Shardorn_frontshiny.png,Assets/Monsters/Packs/Echoes of Stone/Shardorn/Shardorn_backshiny.png,Its body crystallizes into layered stone plates striking with heavier
Echoes of Stone,M-090,Coiltek,Alloy,Common,50,No,0,0,T-080,3,T-324,10,,,,,,,1,18,M-091,50,42,38,18,8,0.95,4.7,8,11.4,Sentinel,Clamp Jab,1,Assets/Monsters/Packs/Echoes of Stone/Coiltek/Coiltek_front.png,Assets/Monsters/Packs/Echoes of Stone/Coiltek/Coiltek_back.png,Assets/Monsters/Packs/Echoes of Stone/Coiltek/Coiltek_frontshiny.png,Assets/Monsters/Packs/Echoes of Stone/Coiltek/Coiltek_backshiny.png,A compact alloy coil that snaps forward with mechanical precision while absorbing incoming force.
Echoes of Stone,M-091,Helitek,Alloy,Uncommon,50,No,0,0,T-070,2,T-144,10,T-160,14,,,,,1,,,58,48,48,20,4.5,1,5.4,8,11.4,Guardian,Torque Crush,1,Assets/Monsters/Packs/Echoes of Stone/Helitek/Helitek_front.png,Assets/Monsters/Packs/Echoes of Stone/Helitek/Helitek_back.png,Assets/Monsters/Packs/Echoes of Stone/Helitek/Helitek_frontshiny.png,Assets/Monsters/Packs/Echoes of Stone/Helitek/Helitek_backshiny.png,Its segmented body locks into reinforced rings crushing enemies with controlled
Umbral Veil,M-092,Wisporn,Specter,Uncommon,50,No,0,0,T-014,2,T-027,10,T-041,14,,,,,1,,,56,48,30,30,4.5,1,7.2,9.5,8.8,Phantom,Veil Tap,1,Assets/Monsters/Packs/Umbral Veil/Wisporn/Wisporn_front.png,Assets/Monsters/Packs/Umbral Veil/Wisporn/Wisporn_back.png,Assets/Monsters/Packs/Umbral Veil/Wisporn/Wisporn_frontshiny.png,Assets/Monsters/Packs/Umbral Veil/Wisporn/Wisporn_backshiny.png,A drifting specter that flickers unpredictably draining foes with soft but persistent ghostly strikes.
Umbral Veil,M-093,Murkveil,Specter,Uncommon,50,No,0,0,T-019,2,T-033,10,T-044,14,,,,,1,,,60,50,32,28,4.5,1,7.5,9.5,8.8,Trickster,Shadow Curl,1,Assets/Monsters/Packs/Umbral Veil/Murkveil/Murkveil_front.png,Assets/Monsters/Packs/Umbral Veil/Murkveil/Murkveil_back.png,Assets/Monsters/Packs/Umbral Veil/Murkveil/Murkveil_frontshiny.png,Assets/Monsters/Packs/Umbral Veil/Murkveil/Murkveil_backshiny.png,A mischievous specter that coils through shadows striking from odd angles before fading from sight.
Umbral Veil,M-094,Gloomit,Umbral,Uncommon,50,No,0,0,T-018,2,T-031,10,T-046,14,,,,,1,22,M-095,62,52,34,24,4.5,1,7.1,11,8.7,Phantom,Night Jab,1,Assets/Monsters/Packs/Umbral Veil/Gloomit/Gloomit_front.png,Assets/Monsters/Packs/Umbral Veil/Gloomit/Gloomit_back.png,Assets/Monsters/Packs/Umbral Veil/Gloomit/Gloomit_frontshiny.png,Assets/Monsters/Packs/Umbral Veil/Gloomit/Gloomit_backshiny.png,A young umbral stalker that tests its prey lashing out cautiously from pools of darkness.
Umbral Veil,M-095,Gloomveil,Umbral,Rare,50,No,0,0,T-021,2,T-037,6,T-052,10,T-061,14,,,1,,,70,62,38,28,2,1.08,8,11,8.7,Phantom,Veil Strike,1,Assets/Monsters/Packs/Umbral Veil/Gloomveil/Gloomveil_front.png,Assets/Monsters/Packs/Umbral Veil/Gloomveil/Gloomveil_back.png,Assets/Monsters/Packs/Umbral Veil/Gloomveil/Gloomveil_frontshiny.png,Assets/Monsters/Packs/Umbral Veil/Gloomveil/Gloomveil_backshiny.png,A refined umbral predator that slips between shadows exploiting openings with precise
Mecha Menagerie,M-096,Cogrel,Alloy,Uncommon,50,No,0,0,T-058,2,T-064,10,T-071,14,,,,,1,22,M-097,60,46,44,18,4.5,1,5.6,8,11.4,Sentinel,Metal Tap,1,Assets/Monsters/Packs/Mecha Menagerie/Cogrel/Cogrel_front.png,Assets/Monsters/Packs/Mecha Menagerie/Cogrel/Cogrel_back.png,Assets/Monsters/Packs/Mecha Menagerie/Cogrel/Cogrel_frontshiny.png,Assets/Monsters/Packs/Mecha Menagerie/Cogrel/Cogrel_backshiny.png,A compact alloy worker that turns steadily striking with measured mechanical precision while resisting damage.
Mecha Menagerie,M-097,Cogron,Alloy,Rare,50,No,0,0,T-083,2,T-091,6,T-104,10,T-118,14,,,1,,,70,54,56,20,2,1.08,6.4,8,11.4,Fortress,Gear Crush,1,Assets/Monsters/Packs/Mecha Menagerie/Cogron/Cogron_front.png,Assets/Monsters/Packs/Mecha Menagerie/Cogron/Cogron_back.png,Assets/Monsters/Packs/Mecha Menagerie/Cogron/Cogron_frontshiny.png,Assets/Monsters/Packs/Mecha Menagerie/Cogron/Cogron_backshiny.png,Its internal gears interlock into reinforced rings allowing crushing blows backed by heavy alloy plating.
Mecha Menagerie,M-098,Chargel,Electric,Uncommon,50,No,0,0,T-062,2,T-075,10,T-089,14,,,,,1,,,54,56,24,36,4.5,1,5.2,10.5,7.6,Trickster,Pulse Jab,1,Assets/Monsters/Packs/Mecha Menagerie/Chargel/Chargel_front.png,Assets/Monsters/Packs/Mecha Menagerie/Chargel/Chargel_back.png,Assets/Monsters/Packs/Mecha Menagerie/Chargel/Chargel_frontshiny.png,Assets/Monsters/Packs/Mecha Menagerie/Chargel/Chargel_backshiny.png,A floating electric node that jitters erratically zapping enemies with quick
Mecha Menagerie,M-099,Blightmaw,Corrupt,Epic,50,No,0,0,T-121,1,T-137,4,T-149,8,T-162,12,T-176,15,1,,,86,92,38,28,0.7,1.15,9.9,11,9.2,Unpredictable,Ruin Bite,1,Assets/Monsters/Packs/Mecha Menagerie/Blightmaw/Blightmaw_front.png,Assets/Monsters/Packs/Mecha Menagerie/Blightmaw/Blightmaw_back.png,Assets/Monsters/Packs/Mecha Menagerie/Blightmaw/Blightmaw_frontshiny.png,Assets/Monsters/Packs/Mecha Menagerie/Blightmaw/Blightmaw_backshiny.png,A savage corruption beast that gnaws through defenses its attacks growing more vicious as decay spreads across the battlefield.
Celestial Ascension,M-100,Augrel,Oracle,Uncommon,50,No,0,0,T-067,2,T-072,10,T-088,14,,,,,1,22,M-101,66,36,40,20,4.5,1,8,9,9.9,Analyst,Insight Peck,1,Assets/Monsters/Packs/Celestial Ascension/Augrel/Augrel_front.png,Assets/Monsters/Packs/Celestial Ascension/Augrel/Augrel_back.png,Assets/Monsters/Packs/Celestial Ascension/Augrel/Augrel_frontshiny.png,Assets/Monsters/Packs/Celestial Ascension/Augrel/Augrel_backshiny.png,A cautious oracle creature that observes carefully before delivering measured foresight-guided strikes.
Celestial Ascension,M-101,Augeron,Oracle,Rare,50,No,0,0,T-094,2,T-107,6,T-121,10,T-134,14,,,1,28,M-102,74,42,48,22,2,1.08,9,9,9.9,Strategic,Vision Strike,1,Assets/Monsters/Packs/Celestial Ascension/Augeron/Augeron_front.png,Assets/Monsters/Packs/Celestial Ascension/Augeron/Augeron_back.png,Assets/Monsters/Packs/Celestial Ascension/Augeron/Augeron_frontshiny.png,Assets/Monsters/Packs/Celestial Ascension/Augeron/Augeron_backshiny.png,Its predictive senses sharpen allowing it to anticipate movements and counter with precise blows.
Celestial Ascension,M-102,Auguryx,Oracle,Epic,50,No,0,0,T-142,1,T-156,4,T-169,8,T-183,12,T-196,15,1,,,86,50,58,24,0.7,1.15,10.4,9,10.6,Strategic,Fate Rend,1,Assets/Monsters/Packs/Celestial Ascension/Auguryx/Auguryx_front.png,Assets/Monsters/Packs/Celestial Ascension/Auguryx/Auguryx_back.png,Assets/Monsters/Packs/Celestial Ascension/Auguryx/Auguryx_frontshiny.png,Assets/Monsters/Packs/Celestial Ascension/Auguryx/Auguryx_backshiny.png,A powerful oracle seer that bends battle flow through near-perfect prediction and decisive inevitable strikes.
Celestial Ascension,M-103,Wyrmel,Wyrm,Uncommon,50,No,0,0,T-059,2,T-073,10,T-090,14,,,,,1,22,M-104,60,58,30,26,4.5,1,5.6,9,8.8,Aggressive,Flame Snap,1,Assets/Monsters/Packs/Celestial Ascension/Wyrmel/Wyrmel_front.png,Assets/Monsters/Packs/Celestial Ascension/Wyrmel/Wyrmel_back.png,Assets/Monsters/Packs/Celestial Ascension/Wyrmel/Wyrmel_frontshiny.png,Assets/Monsters/Packs/Celestial Ascension/Wyrmel/Wyrmel_backshiny.png,A restless young wyrm that lunges aggressively scorching enemies with reckless
Celestial Ascension,M-104,Wyrmorn,Wyrm,Rare,50,No,0,0,T-098,2,T-112,6,T-129,10,T-147,14,,,1,,,70,70,34,28,2,1.08,6.4,9,8.8,Berserker,Inferno Dive,1,Assets/Monsters/Packs/Celestial Ascension/Wyrmorn/Wyrmorn_front.png,Assets/Monsters/Packs/Celestial Ascension/Wyrmorn/Wyrmorn_back.png,Assets/Monsters/Packs/Celestial Ascension/Wyrmorn/Wyrmorn_frontshiny.png,Assets/Monsters/Packs/Celestial Ascension/Wyrmorn/Wyrmorn_backshiny.png,A hardened wyrm that crashes into foes with explosive force thriving on chaos and sustained aggression.
Mutagenic Core,M-105,Vilebud,Corrupt,Rare,50,No,0,0,T-094,2,T-107,6,T-121,10,T-134,14,,,1,28,M-106,72,70,32,26,2,1.08,8.3,11,9.2,Unpredictable,Rot Lash,1,Assets/Monsters/Packs/Mutagenic Core/Vilebud/Vilebud_front.png,Assets/Monsters/Packs/Mutagenic Core/Vilebud/Vilebud_back.png,Assets/Monsters/Packs/Mutagenic Core/Vilebud/Vilebud_frontshiny.png,Assets/Monsters/Packs/Mutagenic Core/Vilebud/Vilebud_backshiny.png,A twisted corrupted growth that thrashes wildly spreading decay through reckless
Mutagenic Core,M-106,Vilethorn,Corrupt,Epic,50,No,0,0,T-142,1,T-156,4,T-169,8,T-183,12,T-196,15,1,,,86,88,38,30,0.7,1.15,9.9,11,9.8,Berserker,Blight Rend,1,Assets/Monsters/Packs/Mutagenic Core/Vilethorn/Vilethorn_front.png,Assets/Monsters/Packs/Mutagenic Core/Vilethorn/Vilethorn_back.png,Assets/Monsters/Packs/Mutagenic Core/Vilethorn/Vilethorn_frontshiny.png,Assets/Monsters/Packs/Mutagenic Core/Vilethorn/Vilethorn_backshiny.png,A fully corrupted predator whose thorned body channels rampant decay overwhelming foes with savage
Frozen Depths,M-107,Glacel,Ice,Rare,50,No,0,0,T-094,2,T-107,6,T-121,10,T-134,14,,,1,28,M-108,72,46,58,22,2,1.08,7.8,9,10.4,Stoic,Frost Jab,1,Assets/Monsters/Packs/Frozen Depths/Glacel/Glacel_front.png,Assets/Monsters/Packs/Frozen Depths/Glacel/Glacel_back.png,Assets/Monsters/Packs/Frozen Depths/Glacel/Glacel_frontshiny.png,Assets/Monsters/Packs/Frozen Depths/Glacel/Glacel_backshiny.png,A sharp-edged ice creature that locks into place striking with deliberate
Frozen Depths,M-108,Glacern,Ice,Epic,50,No,0,0,T-142,1,T-156,4,T-169,8,T-183,12,T-196,15,1,,,88,54,74,24,0.7,1.15,9.4,9,11.2,Stoic,Glacier Crush,1,Assets/Monsters/Packs/Frozen Depths/Glacern/Glacern_front.png,Assets/Monsters/Packs/Frozen Depths/Glacern/Glacern_back.png,Assets/Monsters/Packs/Frozen Depths/Glacern/Glacern_frontshiny.png,Assets/Monsters/Packs/Frozen Depths/Glacern/Glacern_backshiny.png,Its body fully crystallizes into dense ice armor advancing steadily while shattering enemies with overwhelming frozen force.
Frozen Depths,M-109,Tidrel,Water,Rare,50,No,0,0,T-094,2,T-112,6,T-129,10,T-147,14,,,1,,,70,58,46,30,2,1.08,8.6,7.7,8.2,Analyst,Aqua Pierce,1,Assets/Monsters/Packs/Frozen Depths/Tidrel/Tidrel_front.png,Assets/Monsters/Packs/Frozen Depths/Tidrel/Tidrel_back.png,Assets/Monsters/Packs/Frozen Depths/Tidrel/Tidrel_frontshiny.png,Assets/Monsters/Packs/Frozen Depths/Tidrel/Tidrel_backshiny.png,A focused water hunter that shapes pressurized streams into precise strikes balancing fluid movement with controlled power.
Volcanic Fury,M-110,Emberel,Fire,Common,50,No,0,0,T-012,3,T-028,10,,,,,,,1,18,M-111,52,44,26,28,8,0.95,4.9,9.2,8.6,Aggressive,Flame Peck,1,Assets/Monsters/Packs/Volcanic Fury/Emberel/Emberel_front.png,Assets/Monsters/Packs/Volcanic Fury/Emberel/Emberel_back.png,Assets/Monsters/Packs/Volcanic Fury/Emberel/Emberel_frontshiny.png,Assets/Monsters/Packs/Volcanic Fury/Emberel/Emberel_backshiny.png,A small fire creature that darts forward with quick
Volcanic Fury,M-111,Emberon,Fire,Uncommon,50,No,0,0,T-041,2,T-067,10,T-082,14,,,,,1,22,M-112,60,54,30,30,4.5,1,5.6,9.2,8.6,Aggressive,Heat Rush,1,Assets/Monsters/Packs/Volcanic Fury/Emberon/Emberon_front.png,Assets/Monsters/Packs/Volcanic Fury/Emberon/Emberon_back.png,Assets/Monsters/Packs/Volcanic Fury/Emberon/Emberon_frontshiny.png,Assets/Monsters/Packs/Volcanic Fury/Emberon/Emberon_backshiny.png,Its flames burn hotter and steadier
Volcanic Fury,M-112,Dustel,Ground,Common,50,No,0,0,T-009,3,T-022,10,,,,,,,1,18,M-114,58,34,40,18,8,0.95,5.8,7.7,9.9,Stoic,Grain Bash,1,Assets/Monsters/Packs/Volcanic Fury/Dustel/Dustel_front.png,Assets/Monsters/Packs/Volcanic Fury/Dustel/Dustel_back.png,Assets/Monsters/Packs/Volcanic Fury/Dustel/Dustel_frontshiny.png,Assets/Monsters/Packs/Volcanic Fury/Dustel/Dustel_backshiny.png,A compact ground dweller that hardens loose soil into blunt
Volcanic Fury,M-113,Dustorn,Ground,Uncommon,50,No,0,0,T-039,2,T-058,10,T-071,14,,,,,1,22,M-115,66,40,50,20,4.5,1,6.6,7.7,9.9,Guardian,Earth Guard,1,Assets/Monsters/Packs/Volcanic Fury/Dustorn/Dustorn_front.png,Assets/Monsters/Packs/Volcanic Fury/Dustorn/Dustorn_back.png,Assets/Monsters/Packs/Volcanic Fury/Dustorn/Dustorn_frontshiny.png,Assets/Monsters/Packs/Volcanic Fury/Dustorn/Dustorn_backshiny.png,Its body compacts into denser layers
Luminous Tide,M-114,Rivrel,Water,Common,50,No,0,0,T-015,3,T-032,10,,,,,,,1,18,M-117,56,38,34,22,8,0.95,6.8,6.9,8.6,Supportive,Stream Jab,1,Assets/Monsters/Packs/Luminous Tide/Rivrel/Rivrel_front.png,Assets/Monsters/Packs/Luminous Tide/Rivrel/Rivrel_back.png,Assets/Monsters/Packs/Luminous Tide/Rivrel/Rivrel_frontshiny.png,Assets/Monsters/Packs/Luminous Tide/Rivrel/Rivrel_backshiny.png,A small water creature that darts through shallow currents
Luminous Tide,M-115,Rivorn,Water,Uncommon,50,No,0,0,T-054,2,T-069,10,T-081,14,,,,,1,22,M-118,64,44,40,24,4.5,1,7.7,6.9,8.6,Supportive,Flow Slash,1,Assets/Monsters/Packs/Luminous Tide/Rivorn/Rivorn_front.png,Assets/Monsters/Packs/Luminous Tide/Rivorn/Rivorn_back.png,Assets/Monsters/Packs/Luminous Tide/Rivorn/Rivorn_frontshiny.png,Assets/Monsters/Packs/Luminous Tide/Rivorn/Rivorn_backshiny.png,Its movements grow smoother and more deliberate
Luminous Tide,M-116,Rivaryn,Water,Rare,50,No,0,0,T-101,2,T-117,6,T-134,10,T-148,14,,,1,,,74,52,46,26,2,1.08,8.9,6.9,8.6,Analyst,Tide Rend,1,Assets/Monsters/Packs/Luminous Tide/Rivaryn/Rivaryn_front.png,Assets/Monsters/Packs/Luminous Tide/Rivaryn/Rivaryn_back.png,Assets/Monsters/Packs/Luminous Tide/Rivaryn/Rivaryn_frontshiny.png,Assets/Monsters/Packs/Luminous Tide/Rivaryn/Rivaryn_backshiny.png,A refined water predator that shapes flowing currents into powerful
Luminous Tide,M-117,Aerel,Sky,Uncommon,50,No,0,0,T-021,2,T-047,10,T-063,14,,,,,1,,,52,46,28,36,4.5,1,5.2,10.5,7.6,Pouncer,Gale Peck,1,Assets/Monsters/Packs/Luminous Tide/Aerel/Aerel_front.png,Assets/Monsters/Packs/Luminous Tide/Aerel/Aerel_back.png,Assets/Monsters/Packs/Luminous Tide/Aerel/Aerel_frontshiny.png,Assets/Monsters/Packs/Luminous Tide/Aerel/Aerel_backshiny.png,A nimble sky flier that swoops rapidly
Crystal Dominion,M-118,Gravel,Rock,Uncommon,50,No,0,0,T-039,2,T-058,10,T-071,14,,,,,1,22,M-121,68,38,52,18,4.5,1,6.1,7.7,10.8,Guardian,Stone Knuckle,1,Assets/Monsters/Packs/Crystal Dominion/Gravel/Gravel_front.png,Assets/Monsters/Packs/Crystal Dominion/Gravel/Gravel_back.png,Assets/Monsters/Packs/Crystal Dominion/Gravel/Gravel_frontshiny.png,Assets/Monsters/Packs/Crystal Dominion/Gravel/Gravel_backshiny.png,A dense rock creature that advances slowly
Crystal Dominion,M-119,Gravin,Rock,Rare,50,No,0,0,T-094,2,T-107,6,T-121,10,T-134,14,,,1,28,M-122,78,44,64,20,2,1.08,7,7.7,10.8,Fortress,Crush Slam,1,Assets/Monsters/Packs/Crystal Dominion/Gravin/Gravin_front.png,Assets/Monsters/Packs/Crystal Dominion/Gravin/Gravin_back.png,Assets/Monsters/Packs/Crystal Dominion/Gravin/Gravin_frontshiny.png,Assets/Monsters/Packs/Crystal Dominion/Gravin/Gravin_backshiny.png,Its body compacts into thicker stone layers
Crystal Dominion,M-120,Graviron,Rock,Epic,50,No,0,0,T-142,1,T-156,4,T-169,8,T-183,12,T-196,15,1,,,92,52,80,22,0.7,1.15,8.3,7.7,11.6,Fortress,Seismic Break,1,Assets/Monsters/Packs/Crystal Dominion/Graviron/Graviron_front.png,Assets/Monsters/Packs/Crystal Dominion/Graviron/Graviron_back.png,Assets/Monsters/Packs/Crystal Dominion/Graviron/Graviron_frontshiny.png,Assets/Monsters/Packs/Crystal Dominion/Graviron/Graviron_backshiny.png,A towering rock mass that anchors itself to the earth
Crystal Dominion,M-121,Frostrell,Ice,Uncommon,50,No,0,0,T-054,2,T-072,10,T-089,14,,,,,1,,,60,42,50,22,4.5,1,6.3,7.3,10.6,Stoic,Chill Jab,1,Assets/Monsters/Packs/Crystal Dominion/Frostrell/Frostrell_front.png,Assets/Monsters/Packs/Crystal Dominion/Frostrell/Frostrell_back.png,Assets/Monsters/Packs/Crystal Dominion/Frostrell/Frostrell_frontshiny.png,Assets/Monsters/Packs/Crystal Dominion/Frostrell/Frostrell_backshiny.png,A compact ice being that radiates cold
Toxic Hive,M-122,Scut,Bug,Common,50,No,0,0,T-011,3,T-026,10,,,,,,,1,18,M-123,50,38,24,34,8,0.95,5.3,6.9,8.6,Pouncer,Pinch Jab,1,Assets/Monsters/Packs/Toxic Hive/Scut/Scut_front.png,Assets/Monsters/Packs/Toxic Hive/Scut/Scut_back.png,Assets/Monsters/Packs/Toxic Hive/Scut/Scut_frontshiny.png,Assets/Monsters/Packs/Toxic Hive/Scut/Scut_backshiny.png,A quick-moving bug that skitters unpredictably
Toxic Hive,M-123,Scuttorn,Bug,Uncommon,50,No,0,0,T-043,2,T-061,10,T-078,14,,,,,1,22,M-124,58,44,28,36,4.5,1,6.1,6.9,8.6,Trickster,Feint Snap,1,Assets/Monsters/Packs/Toxic Hive/Scuttorn/Scuttorn_front.png,Assets/Monsters/Packs/Toxic Hive/Scuttorn/Scuttorn_back.png,Assets/Monsters/Packs/Toxic Hive/Scuttorn/Scuttorn_frontshiny.png,Assets/Monsters/Packs/Toxic Hive/Scuttorn/Scuttorn_backshiny.png,Its movements grow erratic and deceptive
Toxic Hive,M-124,Scuttyx,Bug,Rare,50,No,0,0,T-094,2,T-107,6,T-121,10,T-134,14,,,1,,,66,54,32,38,2,1.08,7,6.9,8.6,Pouncer,Razor Lunge,1,Assets/Monsters/Packs/Toxic Hive/Scuttyx/Scuttyx_front.png,Assets/Monsters/Packs/Toxic Hive/Scuttyx/Scuttyx_back.png,Assets/Monsters/Packs/Toxic Hive/Scuttyx/Scuttyx_frontshiny.png,Assets/Monsters/Packs/Toxic Hive/Scuttyx/Scuttyx_backshiny.png,A hardened insect predator that lunges explosively
Toxic Hive,M-125,Blightel,Corrupt,Uncommon,50,No,0,0,T-039,2,T-058,10,T-071,14,,,,,1,,,62,50,34,24,4.5,1,7.1,11,8.7,Unpredictable,Decay Tap,1,Assets/Monsters/Packs/Toxic Hive/Blightel/Blightel_front.png,Assets/Monsters/Packs/Toxic Hive/Blightel/Blightel_back.png,Assets/Monsters/Packs/Toxic Hive/Blightel/Blightel_frontshiny.png,Assets/Monsters/Packs/Toxic Hive/Blightel/Blightel_backshiny.png,A corrupted entity that lashes out erratically
Ancient Grove,M-126,Sprigel,Grass,Common,50,No,0,0,T-012,3,T-028,10,,,,,,,1,18,M-127,56,32,38,24,8,0.95,6.8,6.5,8.6,Supportive,Vine Tap,1,Assets/Monsters/Packs/Ancient Grove/Sprigel/Sprigel_front.png,Assets/Monsters/Packs/Ancient Grove/Sprigel/Sprigel_back.png,Assets/Monsters/Packs/Ancient Grove/Sprigel/Sprigel_frontshiny.png,Assets/Monsters/Packs/Ancient Grove/Sprigel/Sprigel_backshiny.png,A small plant creature that shuffles forward
Ancient Grove,M-127,Sprigorn,Grass,Uncommon,50,No,0,0,T-054,2,T-069,10,T-081,14,,,,,1,22,M-128,64,38,46,26,4.5,1,7.8,6.5,8.6,Supportive,Bloom Bash,1,Assets/Monsters/Packs/Ancient Grove/Sprigorn/Sprigorn_front.png,Assets/Monsters/Packs/Ancient Grove/Sprigorn/Sprigorn_back.png,Assets/Monsters/Packs/Ancient Grove/Sprigorn/Sprigorn_frontshiny.png,Assets/Monsters/Packs/Ancient Grove/Sprigorn/Sprigorn_backshiny.png,Its body thickens with growth
Ancient Grove,M-128,Sprigrax,Grass,Rare,50,No,0,0,T-094,2,T-112,6,T-129,10,T-147,14,,,1,,,74,46,54,26,2,1.08,9,6.5,8.6,Guardian,Verdant Bash,1,Assets/Monsters/Packs/Ancient Grove/Sprigrax/Sprigrax_front.png,Assets/Monsters/Packs/Ancient Grove/Sprigrax/Sprigrax_back.png,Assets/Monsters/Packs/Ancient Grove/Sprigrax/Sprigrax_frontshiny.png,Assets/Monsters/Packs/Ancient Grove/Sprigrax/Sprigrax_backshiny.png,"A mature grass guardian that bursts with steady growth, striking with thick vines and resilient blooms."
Ancient Grove,M-129,Oracul,Oracle,Uncommon,50,No,0,0,T-021,2,T-047,10,T-063,14,,,,,1,,,62,44,40,22,4.5,1,8.4,9,9.9,Analyst,Foresight Jab,1,Assets/Monsters/Packs/Ancient Grove/Oracul/Oracul_front.png,Assets/Monsters/Packs/Ancient Grove/Oracul/Oracul_back.png,Assets/Monsters/Packs/Ancient Grove/Oracul/Oracul_frontshiny.png,Assets/Monsters/Packs/Ancient Grove/Oracul/Oracul_backshiny.png,A focused oracle watcher that reads subtle shifts
Iron Frontier,M-130,Allorel,Alloy,Common,50,No,0,0,T-012,3,T-028,10,,,,,,,1,18,M-133,54,40,36,20,8,0.95,5.1,8,11.4,Sentinel,Metal Jab,1,Assets/Monsters/Packs/Iron Frontier/Allorel/Allorel_front.png,Assets/Monsters/Packs/Iron Frontier/Allorel/Allorel_back.png,Assets/Monsters/Packs/Iron Frontier/Allorel/Allorel_frontshiny.png,Assets/Monsters/Packs/Iron Frontier/Allorel/Allorel_backshiny.png,A small alloy construct that rotates steadily
Iron Frontier,M-131,Alloron,Alloy,Uncommon,50,No,0,0,T-054,2,T-069,10,T-081,14,,,,,1,22,M-134,62,46,44,22,4.5,1,5.8,8,11.4,Sentinel,Gear Bash,1,Assets/Monsters/Packs/Iron Frontier/Alloron/Alloron_front.png,Assets/Monsters/Packs/Iron Frontier/Alloron/Alloron_back.png,Assets/Monsters/Packs/Iron Frontier/Alloron/Alloron_frontshiny.png,Assets/Monsters/Packs/Iron Frontier/Alloron/Alloron_backshiny.png,Its joints lock into reinforced patterns
Iron Frontier,M-132,Allotek,Alloy,Rare,50,No,0,0,T-094,2,T-107,6,T-121,10,T-134,14,,,1,,,72,54,56,24,2,1.08,6.7,8,11.4,Fortress,Torque Crush,1,Assets/Monsters/Packs/Iron Frontier/Allotek/Allotek_front.png,Assets/Monsters/Packs/Iron Frontier/Allotek/Allotek_back.png,Assets/Monsters/Packs/Iron Frontier/Allotek/Allotek_frontshiny.png,Assets/Monsters/Packs/Iron Frontier/Allotek/Allotek_backshiny.png,A fully stabilized alloy guardian that grinds forward relentlessly
Iron Frontier,M-133,Rocknub,Rock,Common,50,No,0,0,T-009,3,T-022,10,,,,,,,1,,,60,34,42,18,8,0.95,5.4,7.7,10.8,Stoic,Pebble Slam,1,Assets/Monsters/Packs/Iron Frontier/Rocknub/Rocknub_front.png,Assets/Monsters/Packs/Iron Frontier/Rocknub/Rocknub_back.png,Assets/Monsters/Packs/Iron Frontier/Rocknub/Rocknub_frontshiny.png,Assets/Monsters/Packs/Iron Frontier/Rocknub/Rocknub_backshiny.png,A squat rock creature that shuffles along the ground
Plague Nexus,M-134,Shadeclaw,Umbral,Uncommon,50,No,0,0,T-039,2,T-058,10,T-071,14,,,,,1,,,64,56,36,26,4.5,1,7.4,11,8.7,Phantom,Shadow Rend,1,Assets/Monsters/Packs/Plague Nexus/Shadeclaw/Shadeclaw_front.png,Assets/Monsters/Packs/Plague Nexus/Shadeclaw/Shadeclaw_back.png,Assets/Monsters/Packs/Plague Nexus/Shadeclaw/Shadeclaw_frontshiny.png,Assets/Monsters/Packs/Plague Nexus/Shadeclaw/Shadeclaw_backshiny.png,A stalking umbral beast that crouches low and strikes with sweeping claws
Plague Nexus,M-135,Sporel,Corrupt,Common,50,No,0,0,T-012,3,T-028,10,,,,,,,1,18,M-137,54,36,30,28,8,0.95,6.2,11,8.6,Unpredictable,Spore Jab,1,Assets/Monsters/Packs/Plague Nexus/Sporel/Sporel_front.png,Assets/Monsters/Packs/Plague Nexus/Sporel/Sporel_back.png,Assets/Monsters/Packs/Plague Nexus/Sporel/Sporel_frontshiny.png,Assets/Monsters/Packs/Plague Nexus/Sporel/Sporel_backshiny.png,A twitching corrupted growth that hops erratically
Plague Nexus,M-136,Sporex,Corrupt,Uncommon,50,No,0,0,T-054,2,T-069,10,T-081,14,,,,,1,22,M-138,62,44,34,30,4.5,1,7.1,11,8.6,Unpredictable,Blight Burst,1,Assets/Monsters/Packs/Plague Nexus/Sporex/Sporex_front.png,Assets/Monsters/Packs/Plague Nexus/Sporex/Sporex_back.png,Assets/Monsters/Packs/Plague Nexus/Sporex/Sporex_frontshiny.png,Assets/Monsters/Packs/Plague Nexus/Sporex/Sporex_backshiny.png,Its fungal mass expands and hardens
Plague Nexus,M-137,Sporemaw,Corrupt,Rare,50,No,0,0,T-094,2,T-107,6,T-121,10,T-134,14,,,1,,,72,58,38,32,2,1.08,8.2,11,8.6,Berserker,Ruin Feast,1,Assets/Monsters/Packs/Plague Nexus/Sporemaw/Sporemaw_front.png,Assets/Monsters/Packs/Plague Nexus/Sporemaw/Sporemaw_back.png,Assets/Monsters/Packs/Plague Nexus/Sporemaw/Sporemaw_frontshiny.png,Assets/Monsters/Packs/Plague Nexus/Sporemaw/Sporemaw_backshiny.png,A fully warped corruption beast that lunges with grasping growths
Tempest Clutch,M-139,Aercrest,Sky,Uncommon,50,No,0,0,T-054,2,T-069,10,T-081,14,,,,,1,22,M-140,56,48,30,38,4.5,1,5.8,10.5,7.6,Pouncer,Gale Dive,1,Assets/Monsters/Packs/Tempest Clutch/Aercrest/Aercrest_front.png,Assets/Monsters/Packs/Tempest Clutch/Aercrest/Aercrest_back.png,Assets/Monsters/Packs/Tempest Clutch/Aercrest/Aercrest_frontshiny.png,Assets/Monsters/Packs/Tempest Clutch/Aercrest/Aercrest_backshiny.png,Its wings strengthen and sharpen allowing rapid aerial dives that punish exposed enemies.
Tempest Clutch,M-140,Aerspire,Sky,Rare,50,No,0,0,T-094,2,T-112,6,T-129,10,T-147,14,,,1,,,64,58,34,42,2,1.08,6.2,10.5,7.6,Pouncer,Sky Rend,1,Assets/Monsters/Packs/Tempest Clutch/Aerspire/Aerspire_front.png,Assets/Monsters/Packs/Tempest Clutch/Aerspire/Aerspire_back.png,Assets/Monsters/Packs/Tempest Clutch/Aerspire/Aerspire_frontshiny.png,Assets/Monsters/Packs/Tempest Clutch/Aerspire/Aerspire_backshiny.png,A fully evolved sky hunter that climbs high currents before diving with lethal speed and precision.
Tempest Clutch,M-141,Voltfin,Electric,Common,50,No,0,0,T-012,3,T-028,10,,,,,,,1,,,46,42,24,34,8,0.95,4.8,10.5,7.6,Trickster,Spark Tap,1,Assets/Monsters/Packs/Tempest Clutch/Voltfin/Voltfin_front.png,Assets/Monsters/Packs/Tempest Clutch/Voltfin/Voltfin_back.png,Assets/Monsters/Packs/Tempest Clutch/Voltfin/Voltfin_frontshiny.png,Assets/Monsters/Packs/Tempest Clutch/Voltfin/Voltfin_backshiny.png,A floating electric creature that crackles softly jabbing foes with quick bursts of static energy.
Tempest Clutch,M-142,Voltcrest,Electric,Uncommon,50,No,0,0,T-054,2,T-069,10,T-081,14,,,,,1,,,54,52,28,36,4.5,1,5.5,10.5,7.6,Pouncer,Arc Surge,1,Assets/Monsters/Packs/Tempest Clutch/Voltcrest/Voltcrest_front.png,Assets/Monsters/Packs/Tempest Clutch/Voltcrest/Voltcrest_back.png,Assets/Monsters/Packs/Tempest Clutch/Voltcrest/Voltcrest_frontshiny.png,Assets/Monsters/Packs/Tempest Clutch/Voltcrest/Voltcrest_backshiny.png,Its body stabilizes into a stronger charge core releasing sustained electric surges through rapid movement.
Fungal Dominion,M-143,Bramel,Grass,Uncommon,50,No,0,0,T-054,2,T-069,10,T-081,14,,,,,1,,,66,40,48,24,4.5,1,7.9,6.5,8.6,Guardian,Vine Press,1,Assets/Monsters/Packs/Fungal Dominion/Bramel/Bramel_front.png,Assets/Monsters/Packs/Fungal Dominion/Bramel/Bramel_back.png,Assets/Monsters/Packs/Fungal Dominion/Bramel/Bramel_frontshiny.png,Assets/Monsters/Packs/Fungal Dominion/Bramel/Bramel_backshiny.png,A leafy guardian that spreads broad fronds to shield itself while pressing foes back with thick vines.
Fungal Dominion,M-144,Bramorn,Grass,Rare,50,No,0,0,T-094,2,T-112,6,T-129,10,T-147,14,,,1,,,74,46,56,26,2,1.08,9,6.5,8.6,Fortress,Canopy Crush,1,Assets/Monsters/Packs/Fungal Dominion/Bramorn/Bramorn_front.png,Assets/Monsters/Packs/Fungal Dominion/Bramorn/Bramorn_back.png,Assets/Monsters/Packs/Fungal Dominion/Bramorn/Bramorn_frontshiny.png,Assets/Monsters/Packs/Fungal Dominion/Bramorn/Bramorn_backshiny.png,Its foliage hardens into layered growth overwhelming enemies with sustained
Fungal Dominion,M-145,Blipel,Corrupt,Common,50,No,0,0,T-012,3,T-028,10,,,,,,,1,,,52,38,28,30,8,0.95,6.1,11,8.6,Unpredictable,Rot Jab,1,Assets/Monsters/Packs/Fungal Dominion/Blipel/Blipel_front.png,Assets/Monsters/Packs/Fungal Dominion/Blipel/Blipel_back.png,Assets/Monsters/Packs/Fungal Dominion/Blipel/Blipel_frontshiny.png,Assets/Monsters/Packs/Fungal Dominion/Blipel/Blipel_backshiny.png,A jittery corrupted hatchling that darts about erratically spreading decay through sharp
Fungal Dominion,M-146,Blipmaw,Corrupt,Uncommon,50,No,0,0,T-054,2,T-069,10,T-081,14,,,,,1,,,60,46,32,32,4.5,1,7,11,8.6,Berserker,Blight Snap,1,Assets/Monsters/Packs/Fungal Dominion/Blipmaw/Blipmaw_front.png,Assets/Monsters/Packs/Fungal Dominion/Blipmaw/Blipmaw_back.png,Assets/Monsters/Packs/Fungal Dominion/Blipmaw/Blipmaw_frontshiny.png,Assets/Monsters/Packs/Fungal Dominion/Blipmaw/Blipmaw_backshiny.png,Its corruption deepens empowering vicious snapping attacks that grow more dangerous as rot spreads.
Sandstorm’s Wrath,M-147,Territ,Ground,Common,50,No,0,0,T-012,3,T-028,10,,,,,,,1,,,56,36,40,18,8,0.95,5.9,7.7,9.9,Stoic,Mud Bash,1,Assets/Monsters/Packs/Sandstorm’s Wrath/Territ/Territ_front.png,Assets/Monsters/Packs/Sandstorm’s Wrath/Territ/Territ_back.png,Assets/Monsters/Packs/Sandstorm’s Wrath/Territ/Territ_frontshiny.png,Assets/Monsters/Packs/Sandstorm’s Wrath/Territ/Territ_backshiny.png,A squat ground creature that braces itself and slams foes with packed earth.
Sandstorm’s Wrath,M-148,Terron,Ground,Uncommon,50,No,0,0,T-054,2,T-069,10,T-081,14,,,,,1,,,64,42,50,20,4.5,1,6.7,7.7,9.9,Guardian,Earth Shove,1,Assets/Monsters/Packs/Sandstorm’s Wrath/Terron/Terron_front.png,Assets/Monsters/Packs/Sandstorm’s Wrath/Terron/Terron_back.png,Assets/Monsters/Packs/Sandstorm’s Wrath/Terron/Terron_frontshiny.png,Assets/Monsters/Packs/Sandstorm’s Wrath/Terron/Terron_backshiny.png,Its body compacts into heavier soil layers allowing stronger defensive pushes and crushing blows.
Sandstorm’s Wrath,M-149,Terrak,Ground,Rare,50,No,0,0,T-094,2,T-112,6,T-129,10,T-147,14,,,1,,,74,50,64,22,2,1.08,7.8,7.7,9.9,Bruiser,Seismic Ram,1,Assets/Monsters/Packs/Sandstorm’s Wrath/Terrak/Terrak_front.png,Assets/Monsters/Packs/Sandstorm’s Wrath/Terrak/Terrak_back.png,Assets/Monsters/Packs/Sandstorm’s Wrath/Terrak/Terrak_frontshiny.png,Assets/Monsters/Packs/Sandstorm’s Wrath/Terrak/Terrak_backshiny.png,A fully hardened ground beast that charges forward shaking the earth with devastating impacts.
Sandstorm’s Wrath,M-150,Rubblet,Rock,Common,50,No,0,0,T-009,3,T-022,10,,,,,,,1,,,60,34,42,16,8,0.95,5.6,7.7,10.8,Stoic,Pebble Slam,1,Assets/Monsters/Packs/Sandstorm’s Wrath/Rubblet/Rubblet_front.png,Assets/Monsters/Packs/Sandstorm’s Wrath/Rubblet/Rubblet_back.png,Assets/Monsters/Packs/Sandstorm’s Wrath/Rubblet/Rubblet_frontshiny.png,Assets/Monsters/Packs/Sandstorm’s Wrath/Rubblet/Rubblet_backshiny.png,A loose stone creature that tumbles forward striking enemies with blunt rocky blows.
Sandstorm’s Wrath,M-151,Rubblex,Rock,Uncommon,50,No,0,0,T-054,2,T-069,10,T-081,14,,,,,1,,,68,40,54,18,4.5,1,6.4,7.7,10.8,Guardian,Crag Crush,1,Assets/Monsters/Packs/Sandstorm’s Wrath/Rubblex/Rubblex_front.png,Assets/Monsters/Packs/Sandstorm’s Wrath/Rubblex/Rubblex_back.png,Assets/Monsters/Packs/Sandstorm’s Wrath/Rubblex/Rubblex_frontshiny.png,Assets/Monsters/Packs/Sandstorm’s Wrath/Rubblex/Rubblex_backshiny.png,Its stones fuse into denser mass enabling heavier
Solar Reign,M-152,Fira,Fire,Common,50,No,0,0,T-115,3,T-005,10,,,,,,,1,18,M-153,45,58,17,30,8,0.95,4.8,11,7.2,Aggressive,Flame Jab,1,Assets/Monsters/Packs/Solar Reign/Fira/Fira_front.png,Assets/Monsters/Packs/Solar Reign/Fira/Fira_back.png,Assets/Monsters/Packs/Solar Reign/Fira/Fira_frontshiny.png,Assets/Monsters/Packs/Solar Reign/Fira/Fira_backshiny.png,A small fiery creature that lunges forward with quick burning strikes.
Solar Reign,M-153,Firrix,Fire,Uncommon,50,No,0,0,T-115,2,T-005,7,T-081,13,,,,,1,,,51,66,19,34,4.5,1,4.8,11,7.2,Aggressive,Flame Jab,1,Assets/Monsters/Packs/Solar Reign/Firrix/Firrix_front.png,Assets/Monsters/Packs/Solar Reign/Firrix/Firrix_back.png,Assets/Monsters/Packs/Solar Reign/Firrix/Firrix_frontshiny.png,Assets/Monsters/Packs/Solar Reign/Firrix/Firrix_backshiny.png,Its flames burn hotter and it barrels into foes with relentless heat.
Solar Reign,M-154,Aro,Sky,Common,50,No,0,0,T-229,3,T-187,10,,,,,,,1,18,M-155,34,38,18,60,8,0.95,5,10.5,7.6,Trickster,Gale Peck,1,Assets/Monsters/Packs/Solar Reign/Aro/Aro_front.png,Assets/Monsters/Packs/Solar Reign/Aro/Aro_back.png,Assets/Monsters/Packs/Solar Reign/Aro/Aro_frontshiny.png,Assets/Monsters/Packs/Solar Reign/Aro/Aro_backshiny.png,A light sky creature that darts in and strikes with swift pecking blows.
Solar Reign,M-155,Arel,Sky,Uncommon,50,No,0,0,T-229,2,T-187,7,T-063,13,,,,,1,,,39,43,20,68,4.5,1,5,10.5,7.6,Trickster,Gale Peck,1,Assets/Monsters/Packs/Solar Reign/Arel/Arel_front.png,Assets/Monsters/Packs/Solar Reign/Arel/Arel_back.png,Assets/Monsters/Packs/Solar Reign/Arel/Arel_frontshiny.png,Assets/Monsters/Packs/Solar Reign/Arel/Arel_backshiny.png,Its wings cut the air as it weaves between foes at blistering speed.
Nocturne Mirage,M-156,Dusnyx,Specter,Uncommon,50,No,0,0,T-205,2,T-210,7,T-206,13,,,,,1,22,M-157,36,44,22,68,4.5,1,5.8,10.5,8.8,Phantom,Shadow Claw,1,Assets/Monsters/Packs/Nocturne Mirage/Dusnyx/Dusnyx_front.png,Assets/Monsters/Packs/Nocturne Mirage/Dusnyx/Dusnyx_back.png,Assets/Monsters/Packs/Nocturne Mirage/Dusnyx/Dusnyx_frontshiny.png,Assets/Monsters/Packs/Nocturne Mirage/Dusnyx/Dusnyx_backshiny.png,A flickering specter that slashes from blind angles before fading out.
Nocturne Mirage,M-157,Grimshade,Specter,Rare,50,No,0,0,T-205,2,T-210,6,T-206,10,T-207,14,,,2,28,M-158,42,52,26,80,2,1.08,5.8,10.5,8.8,Phantom,Shadow Claw,1,Assets/Monsters/Packs/Nocturne Mirage/Grimshade/Grimshade_front.png,Assets/Monsters/Packs/Nocturne Mirage/Grimshade/Grimshade_back.png,Assets/Monsters/Packs/Nocturne Mirage/Grimshade/Grimshade_frontshiny.png,Assets/Monsters/Packs/Nocturne Mirage/Grimshade/Grimshade_backshiny.png,Its form darkens and it strikes with sharp precision from deep shade.
Nocturne Mirage,M-158,Dredveil,Specter,Epic,50,No,0,0,T-205,2,T-210,5,T-206,8,T-207,12,T-208,15,1,,,49,61,31,94,0.7,1.15,5.8,10.5,8.8,Phantom,Shadow Claw,1,Assets/Monsters/Packs/Nocturne Mirage/Dredveil/Dredveil_front.png,Assets/Monsters/Packs/Nocturne Mirage/Dredveil/Dredveil_back.png,Assets/Monsters/Packs/Nocturne Mirage/Dredveil/Dredveil_frontshiny.png,Assets/Monsters/Packs/Nocturne Mirage/Dredveil/Dredveil_backshiny.png,A towering specter that slips between moments and tears foes from within the veil.
Oceanic Depths,M-159,Tidel,Water,Uncommon,50,No,0,0,T-182,2,T-202,7,T-061,13,,,,,1,22,M-160,68,29,54,19,4.5,1,5.5,9,8.4,Supportive,Wave Nip,1,Assets/Monsters/Packs/Oceanic Depths/Tidel/Tidel_front.png,Assets/Monsters/Packs/Oceanic Depths/Tidel/Tidel_back.png,Assets/Monsters/Packs/Oceanic Depths/Tidel/Tidel_frontshiny.png,Assets/Monsters/Packs/Oceanic Depths/Tidel/Tidel_backshiny.png,A calm tidebound creature that snaps with steady water bites.
Oceanic Depths,M-160,Tidorn,Water,Rare,50,No,0,0,T-182,2,T-202,6,T-061,10,T-194,14,,,2,28,M-161,80,34,64,22,2,1.08,5.5,9,8.4,Supportive,Wave Nip,1,Assets/Monsters/Packs/Oceanic Depths/Tidorn/Tidorn_front.png,Assets/Monsters/Packs/Oceanic Depths/Tidorn/Tidorn_back.png,Assets/Monsters/Packs/Oceanic Depths/Tidorn/Tidorn_frontshiny.png,Assets/Monsters/Packs/Oceanic Depths/Tidorn/Tidorn_backshiny.png,Its shell thickens as it endures and restores through steady flow.
Oceanic Depths,M-161,Tideorn,Water,Epic,50,No,0,0,T-182,2,T-202,5,T-061,8,T-194,12,T-190,15,1,,,94,40,75,26,0.7,1.15,5.5,9,8.4,Supportive,Wave Nip,1,Assets/Monsters/Packs/Oceanic Depths/Tideorn/Tideorn_front.png,Assets/Monsters/Packs/Oceanic Depths/Tideorn/Tideorn_back.png,Assets/Monsters/Packs/Oceanic Depths/Tideorn/Tideorn_frontshiny.png,Assets/Monsters/Packs/Oceanic Depths/Tideorn/Tideorn_backshiny.png,A mature tide guardian that holds the line and mends allies through endless currents.
Oceanic Depths,M-162,Orin,Oracle,Common,50,No,0,0,T-065,3,T-083,10,,,,,,,1,18,M-163,48,35,42,25,8,0.95,6,10,8.8,Analyst,Foretell Strike,1,Assets/Monsters/Packs/Oceanic Depths/Orin/Orin_front.png,Assets/Monsters/Packs/Oceanic Depths/Orin/Orin_back.png,Assets/Monsters/Packs/Oceanic Depths/Orin/Orin_frontshiny.png,Assets/Monsters/Packs/Oceanic Depths/Orin/Orin_backshiny.png,A watchful oracle creature that strikes only after reading its foe.
Oceanic Depths,M-163,Oren,Oracle,Uncommon,50,No,0,0,T-065,2,T-083,7,T-335,13,,,,,1,,,54,39,48,29,4.5,1,6,10,8.8,Analyst,Foretell Strike,1,Assets/Monsters/Packs/Oceanic Depths/Oren/Oren_front.png,Assets/Monsters/Packs/Oceanic Depths/Oren/Oren_back.png,Assets/Monsters/Packs/Oceanic Depths/Oren/Oren_frontshiny.png,Assets/Monsters/Packs/Oceanic Depths/Oren/Oren_backshiny.png,Its insight deepens as it predicts movements and counters with measured force.
Eternal Frost,M-164,Glir,Ice,Uncommon,50,No,0,0,T-061,2,T-182,7,T-202,13,,,,,1,22,M-165,52,36,54,28,4.5,1,5.3,9.5,9.2,Stoic,Frost Pop,1,Assets/Monsters/Packs/Eternal Frost/Glir/Glir_front.png,Assets/Monsters/Packs/Eternal Frost/Glir/Glir_back.png,Assets/Monsters/Packs/Eternal Frost/Glir/Glir_frontshiny.png,Assets/Monsters/Packs/Eternal Frost/Glir/Glir_backshiny.png,A small icebound creature that drifts slowly and bursts with chilling force.
Eternal Frost,M-165,Gliren,Ice,Rare,50,No,0,0,T-061,2,T-182,6,T-202,10,T-194,14,,,2,28,M-166,61,42,64,33,2,1.08,5.3,9.5,9.2,Stoic,Frost Pop,1,Assets/Monsters/Packs/Eternal Frost/Gliren/Gliren_front.png,Assets/Monsters/Packs/Eternal Frost/Gliren/Gliren_back.png,Assets/Monsters/Packs/Eternal Frost/Gliren/Gliren_frontshiny.png,Assets/Monsters/Packs/Eternal Frost/Gliren/Gliren_backshiny.png,Its icy shell thickens as it releases colder
Eternal Frost,M-166,Glirfrost,Ice,Epic,50,No,0,0,T-061,2,T-182,5,T-202,8,T-194,12,T-190,15,1,,,72,49,76,38,0.7,1.15,5.3,9.5,9.2,Stoic,Frost Pop,1,Assets/Monsters/Packs/Eternal Frost/Glirfrost/Glirfrost_front.png,Assets/Monsters/Packs/Eternal Frost/Glirfrost/Glirfrost_back.png,Assets/Monsters/Packs/Eternal Frost/Glirfrost/Glirfrost_frontshiny.png,Assets/Monsters/Packs/Eternal Frost/Glirfrost/Glirfrost_backshiny.png,A towering frost mass that radiates numbing cold and crushing weight.
Eternal Frost,M-167,Orakel,Oracle,Rare,50,No,0,0,T-065,2,T-083,6,T-194,10,T-335,14,,,1,,,78,46,54,22,2,1.08,6.2,10,8.8,Strategic,Foreseen Blow,1,Assets/Monsters/Packs/Eternal Frost/Orakel/Orakel_front.png,Assets/Monsters/Packs/Eternal Frost/Orakel/Orakel_back.png,Assets/Monsters/Packs/Eternal Frost/Orakel/Orakel_frontshiny.png,Assets/Monsters/Packs/Eternal Frost/Orakel/Orakel_backshiny.png,striking only when outcomes are certain.
Magma Core,M-168,Flare,Fire,Rare,50,No,0,0,T-115,2,T-005,6,T-081,10,T-194,14,,,1,28,M-169,62,78,28,32,2,1.08,4.8,11,7.2,Aggressive,Flare Slice,1,Assets/Monsters/Packs/Magma Core/Flare/Flare_front.png,Assets/Monsters/Packs/Magma Core/Flare/Flare_back.png,Assets/Monsters/Packs/Magma Core/Flare/Flare_frontshiny.png,Assets/Monsters/Packs/Magma Core/Flare/Flare_backshiny.png,A fierce fire hunter that lashes out with sweeping arcs of flame.
Magma Core,M-169,Flarenix,Fire,Epic,50,No,0,0,T-115,2,T-005,5,T-081,8,T-194,12,T-190,15,1,,,72,92,34,37,0.7,1.15,4.8,11,7.2,Aggressive,Flare Slice,1,Assets/Monsters/Packs/Magma Core/Flarenix/Flarenix_front.png,Assets/Monsters/Packs/Magma Core/Flarenix/Flarenix_back.png,Assets/Monsters/Packs/Magma Core/Flarenix/Flarenix_frontshiny.png,Assets/Monsters/Packs/Magma Core/Flarenix/Flarenix_backshiny.png,Its flames surge outward in relentless waves
Magma Core,M-170,Cogon,Alloy,Rare,50,No,0,0,T-041,2,T-072,6,T-118,10,T-204,14,,,1,28,M-171,74,48,62,16,2,1.08,4.6,8.5,9.6,Guardian,Metal Jab,1,Assets/Monsters/Packs/Magma Core/Cogon/Cogon_front.png,Assets/Monsters/Packs/Magma Core/Cogon/Cogon_back.png,Assets/Monsters/Packs/Magma Core/Cogon/Cogon_frontshiny.png,Assets/Monsters/Packs/Magma Core/Cogon/Cogon_backshiny.png,A sturdy alloy construct that advances slowly and strikes with heavy mechanical force.
Magma Core,M-171,Cogkar,Alloy,Epic,50,No,0,0,T-041,2,T-072,5,T-118,8,T-204,12,T-221,15,1,,,86,56,74,19,0.7,1.15,4.6,8.5,9.6,Guardian,Metal Jab,1,Assets/Monsters/Packs/Magma Core/Cogkar/Cogkar_front.png,Assets/Monsters/Packs/Magma Core/Cogkar/Cogkar_back.png,Assets/Monsters/Packs/Magma Core/Cogkar/Cogkar_frontshiny.png,Assets/Monsters/Packs/Magma Core/Cogkar/Cogkar_backshiny.png,Its reinforced frame locks into place
Thunder Pulse,M-172,Zapo,Electric,Uncommon,50,No,0,0,T-072,2,T-118,7,T-041,13,,,,,1,22,M-173,44,52,24,50,4.5,1,5,10.5,7.8,Pouncer,Volt Peck,1,Assets/Monsters/Packs/Thunder Pulse/Zapo/Zapo_front.png,Assets/Monsters/Packs/Thunder Pulse/Zapo/Zapo_back.png,Assets/Monsters/Packs/Thunder Pulse/Zapo/Zapo_frontshiny.png,Assets/Monsters/Packs/Thunder Pulse/Zapo/Zapo_backshiny.png,A jittery electric creature that darts forward and delivers crackling strikes.
Thunder Pulse,M-173,Zapen,Electric,Rare,50,No,0,0,T-072,2,T-118,6,T-041,10,T-204,14,,,2,28,M-174,52,62,28,58,2,1.08,5,10.5,7.8,Pouncer,Volt Peck,1,Assets/Monsters/Packs/Thunder Pulse/Zapel/Zapel_front.png,Assets/Monsters/Packs/Thunder Pulse/Zapel/Zapel_back.png,Assets/Monsters/Packs/Thunder Pulse/Zapel/Zapel_frontshiny.png,Assets/Monsters/Packs/Thunder Pulse/Zapel/Zapel_backshiny.png,Its charge intensifies as it chains quick hits into jolting bursts.
Thunder Pulse,M-174,Zaporn,Electric,Epic,50,No,0,0,T-072,2,T-118,5,T-041,8,T-204,12,T-221,15,1,,,61,73,33,67,0.7,1.15,5,10.5,7.8,Pouncer,Volt Peck,1,Assets/Monsters/Packs/Thunder Pulse/Zaporn/Zaporn_front.png,Assets/Monsters/Packs/Thunder Pulse/Zaporn/Zaporn_back.png,Assets/Monsters/Packs/Thunder Pulse/Zaporn/Zaporn_frontshiny.png,Assets/Monsters/Packs/Thunder Pulse/Zaporn/Zaporn_backshiny.png,A fully charged striker that overwhelms foes with rapid
Thunder Pulse,M-175,Brako,Clash,Common,50,No,0,0,T-072,3,T-118,10,,,,,,,1,,,48,56,28,18,8,0.95,4.6,11,7.2,Bruiser,Impact Slam,1,Assets/Monsters/Packs/Thunder Pulse/Brako/Brako_front.png,Assets/Monsters/Packs/Thunder Pulse/Brako/Brako_back.png,Assets/Monsters/Packs/Thunder Pulse/Brako/Brako_frontshiny.png,Assets/Monsters/Packs/Thunder Pulse/Brako/Brako_backshiny.png,A compact clash fighter that charges headfirst and smashes foes with raw force.
Verdant Bloom,M-176,Budor,Grass,Uncommon,50,No,0,0,T-061,2,T-182,7,T-202,13,,,,,1,22,M-177,58,32,48,32,4.5,1,5.8,8.5,7.6,Supportive,Leaf Jab,1,Assets/Monsters/Packs/Verdant Bloom/Budor/Budor_front.png,Assets/Monsters/Packs/Verdant Bloom/Budor/Budor_back.png,Assets/Monsters/Packs/Verdant Bloom/Budor/Budor_frontshiny.png,Assets/Monsters/Packs/Verdant Bloom/Budor/Budor_backshiny.png,A lively grass creature that darts about and strikes with quick leafy blows.
Verdant Bloom,M-177,Budorn,Grass,Rare,50,No,0,0,T-061,2,T-182,6,T-202,10,T-194,14,,,1,,,68,38,58,36,2,1.08,5.8,8.5,7.6,Supportive,Leaf Jab,1,Assets/Monsters/Packs/Verdant Bloom/Budorn/Budorn_front.png,Assets/Monsters/Packs/Verdant Bloom/Budorn/Budorn_back.png,Assets/Monsters/Packs/Verdant Bloom/Budorn/Budorn_frontshiny.png,Assets/Monsters/Packs/Verdant Bloom/Budorn/Budorn_backshiny.png,Its growth thickens into sturdy vines
Verdant Bloom,M-178,Bitel,Bug,Uncommon,50,No,0,0,T-072,2,T-118,7,T-041,13,,,,,1,22,M-179,50,44,36,40,4.5,1,5.6,8.5,8,Pouncer,Sting Jab,1,Assets/Monsters/Packs/Verdant Bloom/Bitel/Bitel_front.png,Assets/Monsters/Packs/Verdant Bloom/Bitel/Bitel_back.png,Assets/Monsters/Packs/Verdant Bloom/Bitel/Bitel_frontshiny.png,Assets/Monsters/Packs/Verdant Bloom/Bitel/Bitel_backshiny.png,A sharp-mandibled bug that darts forward to strike exposed targets.
Verdant Bloom,M-179,Bitorne,Bug,Rare,50,No,0,0,T-072,2,T-118,6,T-041,10,T-204,14,,,1,,,60,52,42,46,2,1.08,5.6,8.5,8,Pouncer,Sting Jab,1,Assets/Monsters/Packs/Verdant Bloom/Bitorne/Bitorne_front.png,Assets/Monsters/Packs/Verdant Bloom/Bitorne/Bitorne_back.png,Assets/Monsters/Packs/Verdant Bloom/Bitorne/Bitorne_frontshiny.png,Assets/Monsters/Packs/Verdant Bloom/Bitorne/Bitorne_backshiny.png,Its hardened shell and longer limbs let it chain quick stinging attacks with precision.
Ashen Legion,M-180,Morne,Corrupt,Uncommon,50,No,0,0,T-041,2,T-072,7,T-118,13,,,,,1,22,M-184,55,48,30,37,4.5,1,6,11,8.8,Unpredictable,Corrupt Lash,1,Assets/Monsters/Packs/Ashen Legion/Mornyx/Mornyx_front.png,Assets/Monsters/Packs/Ashen Legion/Mornyx/Mornyx_back.png,Assets/Monsters/Packs/Ashen Legion/Mornyx/Mornyx_frontshiny.png,Assets/Monsters/Packs/Ashen Legion/Mornyx/Mornyx_backshiny.png,A twisted creature that snaps with unstable corrupted energy.
Ashen Legion,M-181,Mornyx,Corrupt,Rare,50,No,0,0,T-041,2,T-072,6,T-118,10,T-204,14,,,2,28,M-185,65,56,36,43,2,1.08,6,11,8.8,Unpredictable,Corrupt Lash,1,Assets/Monsters/Packs/Ashen Legion/Morvex/Morvex_front.png,Assets/Monsters/Packs/Ashen Legion/Morvex/Morvex_back.png,Assets/Monsters/Packs/Ashen Legion/Morvex/Morvex_frontshiny.png,Assets/Monsters/Packs/Ashen Legion/Morvex/Morvex_backshiny.png,Its corruption thickens
Ashen Legion,M-182,Morvex,Corrupt,Epic,50,No,0,0,T-041,2,T-072,5,T-118,8,T-204,12,T-221,15,1,,,75,66,43,51,0.7,1.15,6,11,8.8,Unpredictable,Corrupt Lash,1,Assets/Monsters/Packs/Ashen Legion/Morvex/Morvex_front.png,Assets/Monsters/Packs/Ashen Legion/Morvex/Morvex_back.png,Assets/Monsters/Packs/Ashen Legion/Morvex/Morvex_frontshiny.png,Assets/Monsters/Packs/Ashen Legion/Morvex/Morvex_backshiny.png,A fully corrupted brute that radiates chaotic power and overwhelms foes through sheer instability.
Ashen Legion,M-183,Pyre,Fire,Rare,50,No,0,0,T-115,2,T-005,6,T-081,10,T-194,14,,,1,,,70,84,30,36,2,1.08,4.8,11,7.2,Berserker,Flame Rend,1,Assets/Monsters/Packs/Ashen Legion/Pyre/Pyre_front.png,Assets/Monsters/Packs/Ashen Legion/Pyre/Pyre_back.png,Assets/Monsters/Packs/Ashen Legion/Pyre/Pyre_frontshiny.png,Assets/Monsters/Packs/Ashen Legion/Pyre/Pyre_backshiny.png,tearing through enemies with savage bursts of flame.
Steel Rebellion,M-184,Kaskon,Alloy,Rare,50,No,0,0,T-083,2,T-091,6,T-104,10,T-118,14,,,1,28,M-185,80,24,82,14,2,1.08,6.4,8,11.4,Sentinel,Gear Jab,1,Assets/Monsters/Packs/Steel Rebellion/Kaskon/Kaskon_front.png,Assets/Monsters/Packs/Steel Rebellion/Kaskon/Kaskon_back.png,Assets/Monsters/Packs/Steel Rebellion/Kaskon/Kaskon_frontshiny.png,Assets/Monsters/Packs/Steel Rebellion/Kaskon/Kaskon_backshiny.png,A disciplined alloy striker that locks its joints and counters with precise mechanical jabs.
Steel Rebellion,M-185,Kaskar,Alloy,Epic,50,No,0,0,T-178,2,T-225,5,T-193,8,T-054,12,T-234,15,2,34,M-186,99,26,99,11,0.7,1.15,8.4,8,11.4,Fortress,Anvil Bash,1,Assets/Monsters/Packs/Steel Rebellion/Kaskar/Kaskar_front.png,Assets/Monsters/Packs/Steel Rebellion/Kaskar/Kaskar_back.png,Assets/Monsters/Packs/Steel Rebellion/Kaskar/Kaskar_frontshiny.png,Assets/Monsters/Packs/Steel Rebellion/Kaskar/Kaskar_backshiny.png,Reinforced plating forms a fortress frame
Steel Rebellion,M-186,Kaskatek,Alloy,Legendary,50,No,0,0,T-043,1,T-293,4,T-057,8,T-048,12,T-142,15,1,,,113,30,113,14,0.25,1.22,10.4,8,11.4,Fortress,Core Crush,1,Assets/Monsters/Packs/Steel Rebellion/Kaskatek/Kaskatek_front.png,Assets/Monsters/Packs/Steel Rebellion/Kaskatek/Kaskatek_back.png,Assets/Monsters/Packs/Steel Rebellion/Kaskatek/Kaskatek_frontshiny.png,Assets/Monsters/Packs/Steel Rebellion/Kaskatek/Kaskatek_backshiny.png,A legendary alloy guardian whose living core drives relentless impacts that grind enemies down with unstoppable force.
Dreaming Abyss,M-187,Dusveil,Specter,Uncommon,50,No,0,0,T-205,2,T-210,7,T-206,13,,,,,1,22,M-188,50,46,34,40,4.5,1,6.9,9.5,8.8,Phantom,Veil Jab,1,Assets/Monsters/Packs/Dreaming Abyss/Dusveil/Dusveil_front.png,Assets/Monsters/Packs/Dreaming Abyss/Dusveil/Dusveil_back.png,Assets/Monsters/Packs/Dreaming Abyss/Dusveil/Dusveil_frontshiny.png,Assets/Monsters/Packs/Dreaming Abyss/Dusveil/Dusveil_backshiny.png,"A drifting specter that flickers at the edge of vision, striking softly before fading back into the veil."
Dreaming Abyss,M-188,Dusshade,Specter,Rare,50,No,0,0,T-205,2,T-210,6,T-206,10,T-207,14,,,1,,,58,54,38,50,2,1.08,6.9,9.5,8.8,Phantom,Veil Jab,1,Assets/Monsters/Packs/Dreaming Abyss/Dusshade/Dusshade_front.png,Assets/Monsters/Packs/Dreaming Abyss/Dusshade/Dusshade_back.png,Assets/Monsters/Packs/Dreaming Abyss/Dusshade/Dusshade_frontshiny.png,Assets/Monsters/Packs/Dreaming Abyss/Dusshade/Dusshade_backshiny.png,"Its shadow deepens and movements sharpen, allowing it to cut through foes from unseen angles before vanishing again."
Dreaming Abyss,M-189,Ornex,Oracle,Rare,50,No,0,0,T-065,2,T-083,6,T-194,10,T-335,14,,,1,,,74,46,52,28,2,1.08,6.8,10,8.8,Strategic,Foreseen Rend,1,Assets/Monsters/Packs/Dreaming Abyss/Ornex/Ornex_front.png,Assets/Monsters/Packs/Dreaming Abyss/Ornex/Ornex_back.png,Assets/Monsters/Packs/Dreaming Abyss/Ornex/Ornex_frontshiny.png,Assets/Monsters/Packs/Dreaming Abyss/Ornex/Ornex_backshiny.png,"A calculating oracle beast that waits for certainty before striking, unleashing precise blows guided by unwavering foresight."