sortOrder,id,assetFileName,displayName,category,isHoliday,description,tickerMessage,scheduledOnly,startUnix,endUnix,canRotate,weight,minDaysBetween,idleRewardMultiplier,battleRewardMultiplier,exchangeValueMultiplier,boostedMonsterType,typeDamageMultiplier,effectCount,effect1_kind,effect1_job,effect1_resource,effect1_monsterType,effect1_value,effect1_flag,effect2_kind,effect2_job,effect2_resource,effect2_monsterType,effect2_value,effect2_flag,effect3_kind,effect3_job,effect3_resource,effect3_monsterType,effect3_value,effect3_flag,effect4_kind,effect4_job,effect4_resource,effect4_monsterType,effect4_value,effect4_flag,effect5_kind,effect5_job,effect5_resource,effect5_monsterType,effect5_value,effect5_flag
1,WE-001,WE_001_Gym_Maintenance_Week.asset,Gym Maintenance Week,Job,false,The Gym is unavailable during this world event.,Gym access limited during equipment recalibration.,false,0,0,true,3,42,1,1,1,None,1,1,DisableJobSite,Gym,None,None,0,false,None,None,None,None,0,false,None,None,None,None,0,false,None,None,None,None,0,false,None,None,None,None,0,false
2,WE-002,WE_002_Gym_Staff_Walkout.asset,Gym Staff Walkout,Job,false,The Gym's output is reduced by 30% during this world event. The Gym's storage cap is reduced by 25% during this world event. Stored rewards at the Gym cannot be collected while this event is active.,Gym staffing disruption reduces training capacity.,false,0,0,true,7,21,1,1,1,None,1,3,JobRateMultiplier,Gym,None,None,0.7,false,JobStorageCapMultiplier,Gym,None,None,0.75,false,JobCollectDisabled,Gym,None,None,0,true,None,None,None,None,0,false,None,None,None,None,0,false
3,WE-003,WE_003_Gym_Training_Boom.asset,Gym Training Boom,Job,false,The Gym's output is increased by 30% during this world event.,Increased Gym activity improves training output.,false,0,0,true,10,14,1,1,1,None,1,1,JobRateMultiplier,Gym,None,None,1.3,false,None,None,None,None,0,false,None,None,None,None,0,false,None,None,None,None,0,false,None,None,None,None,0,false
4,WE-004,WE_004_Quarry_Maintenance_Week.asset,Quarry Maintenance Week,Job,false,The Quarry is unavailable during this world event.,Quarry operations paused for safety repairs.,false,0,0,true,3,42,1,1,1,None,1,1,DisableJobSite,Quarry,None,None,0,false,None,None,None,None,0,false,None,None,None,None,0,false,None,None,None,None,0,false,None,None,None,None,0,false
5,WE-005,WE_005_Quarry_Protest.asset,Quarry Protest,Job,false,The Quarry's output is reduced by 30% during this world event. The Quarry's storage cap is reduced by 25% during this world event.,Quarry disruptions slow extraction and deliveries.,false,0,0,true,7,21,1,1,1,None,1,2,JobRateMultiplier,Quarry,None,None,0.7,false,JobStorageCapMultiplier,Quarry,None,None,0.75,false,None,None,None,None,0,false,None,None,None,None,0,false,None,None,None,None,0,false
6,WE-006,WE_006_Quarry_Overhaul_Output.asset,Quarry Overhaul Output,Job,false,The Quarry's output is increased by 30% during this world event.,Quarry upgrades improve extraction output.,false,0,0,true,10,14,1,1,1,None,1,1,JobRateMultiplier,Quarry,None,None,1.3,false,None,None,None,None,0,false,None,None,None,None,0,false,None,None,None,None,0,false,None,None,None,None,0,false
7,WE-007,WE_007_Mine_Maintenance_Week.asset,Mine Maintenance Week,Job,false,The Mine is unavailable during this world event.,Mine access restricted for structural inspection.,false,0,0,true,3,42,1,1,1,None,1,1,DisableJobSite,Mine,None,None,0,false,None,None,None,None,0,false,None,None,None,None,0,false,None,None,None,None,0,false,None,None,None,None,0,false
8,WE-008,WE_008_Mine_Safety_Inspection.asset,Mine Safety Inspection,Job,false,The Mine's output is reduced by 15% during this world event. Working at the Mine generates 35% more fatigue during this world event.,Mine inspection slows output and raises fatigue.,false,0,0,true,7,21,1,1,1,None,1,2,JobRateMultiplier,Mine,None,None,0.85,false,JobFatigueRateMultiplier,Mine,None,None,1.35,false,None,None,None,None,0,false,None,None,None,None,0,false,None,None,None,None,0,false
9,WE-009,WE_009_Rich_Vein_Discovered.asset,Rich Vein Discovered,Job,false,The Mine's output is increased by 30% during this world event.,A newly opened vein increases mine output.,false,0,0,true,10,14,1,1,1,None,1,1,JobRateMultiplier,Mine,None,None,1.3,false,None,None,None,None,0,false,None,None,None,None,0,false,None,None,None,None,0,false,None,None,None,None,0,false
10,WE-010,WE_010_Power_Plant_Maintenance_Week.asset,Power Plant Maintenance Week,Job,false,The Power Plant is unavailable during this world event.,Power Plant operations paused for scheduled maintenance.,false,0,0,true,3,42,1,1,1,None,1,1,DisableJobSite,Power_Plant,None,None,0,false,None,None,None,None,0,false,None,None,None,None,0,false,None,None,None,None,0,false,None,None,None,None,0,false
11,WE-011,WE_011_Power_Plant_Audit.asset,Power Plant Audit,Job,false,The Power Plant's output is reduced by 20% during this world event. The Power Plant's storage cap is reduced by 15% during this world event.,A regulatory audit slows output across the Power Plant.,false,0,0,true,7,21,1,1,1,None,1,2,JobRateMultiplier,Power_Plant,None,None,0.8,false,JobStorageCapMultiplier,Power_Plant,None,None,0.85,false,None,None,None,None,0,false,None,None,None,None,0,false,None,None,None,None,0,false
12,WE-012,WE_012_Energy_Demand_Spike.asset,Energy Demand Spike,Job,false,The Power Plant's output is increased by 30% during this world event.,Increased demand raises Power Plant output.,false,0,0,true,10,14,1,1,1,None,1,1,JobRateMultiplier,Power_Plant,None,None,1.3,false,None,None,None,None,0,false,None,None,None,None,0,false,None,None,None,None,0,false,None,None,None,None,0,false
13,WE-013,WE_013_Grove_Maintenance_Week.asset,Grove Maintenance Week,Job,false,The Grove is unavailable during this world event.,Grove access limited during habitat restoration.,false,0,0,true,3,42,1,1,1,None,1,1,DisableJobSite,Grove,None,None,0,false,None,None,None,None,0,false,None,None,None,None,0,false,None,None,None,None,0,false,None,None,None,None,0,false
14,WE-014,WE_014_Grove_Preservation_Protest.asset,Grove Preservation Protest,Job,false,The Grove's output is reduced by 30% during this world event. The Grove's storage cap is reduced by 25% during this world event.,Preservation activity reduces Grove harvesting output.,false,0,0,true,7,21,1,1,1,None,1,2,JobRateMultiplier,Grove,None,None,0.7,false,JobStorageCapMultiplier,Grove,None,None,0.75,false,None,None,None,None,0,false,None,None,None,None,0,false,None,None,None,None,0,false
15,WE-015,WE_015_Bountiful_Season.asset,Bountiful Season,Job,false,The Grove's output is increased by 30% during this world event.,Seasonal growth increases Grove yields.,false,0,0,true,10,14,1,1,1,None,1,1,JobRateMultiplier,Grove,None,None,1.3,false,None,None,None,None,0,false,None,None,None,None,0,false,None,None,None,None,0,false,None,None,None,None,0,false
16,WE-016,WE_016_Forge_Maintenance_Week.asset,Forge Maintenance Week,Job,false,The Forge is unavailable during this world event.,Forge furnaces offline for repair.,false,0,0,true,3,42,1,1,1,None,1,1,DisableJobSite,Forge,None,None,0,false,None,None,None,None,0,false,None,None,None,None,0,false,None,None,None,None,0,false,None,None,None,None,0,false
17,WE-017,WE_017_Forge_Labor_Dispute.asset,Forge Labor Dispute,Job,false,The Forge's output is reduced by 30% during this world event. The Forge's storage cap is reduced by 25% during this world event. Stored rewards at the Forge cannot be collected while this event is active.,A Forge staffing dispute reduces output and collection speed.,false,0,0,true,7,21,1,1,1,None,1,3,JobRateMultiplier,Forge,None,None,0.7,false,JobStorageCapMultiplier,Forge,None,None,0.75,false,JobCollectDisabled,Forge,None,None,0,true,None,None,None,None,0,false,None,None,None,None,0,false
18,WE-018,WE_018_Metal_Surplus.asset,Metal Surplus,Job,false,The Forge's output is increased by 30% during this world event.,A material surplus improves Forge output.,false,0,0,true,10,14,1,1,1,None,1,1,JobRateMultiplier,Forge,None,None,1.3,false,None,None,None,None,0,false,None,None,None,None,0,false,None,None,None,None,0,false,None,None,None,None,0,false
19,WE-019,WE_019_Workshop_Maintenance_Week.asset,Workshop Maintenance Week,Job,false,The Workshop is unavailable during this world event.,Workshop tools offline for recalibration.,false,0,0,true,3,42,1,1,1,None,1,1,DisableJobSite,Workshop,None,None,0,false,None,None,None,None,0,false,None,None,None,None,0,false,None,None,None,None,0,false,None,None,None,None,0,false
20,WE-020,WE_020_Workshop_Safety_Drill.asset,Workshop Safety Drill,Job,false,The Workshop's output is reduced by 15% during this world event. Working at the Workshop generates 35% more fatigue during this world event.,Safety drills reduce output and raise fatigue.,false,0,0,true,7,21,1,1,1,None,1,2,JobRateMultiplier,Workshop,None,None,0.85,false,JobFatigueRateMultiplier,Workshop,None,None,1.35,false,None,None,None,None,0,false,None,None,None,None,0,false,None,None,None,None,0,false
21,WE-021,WE_021_Workshop_Overdrive.asset,Workshop Overdrive,Job,false,The Workshop's output is increased by 30% during this world event.,Workshop production enters an accelerated cycle.,false,0,0,true,10,14,1,1,1,None,1,1,JobRateMultiplier,Workshop,None,None,1.3,false,None,None,None,None,0,false,None,None,None,None,0,false,None,None,None,None,0,false,None,None,None,None,0,false
22,WE-022,WE_022_Harbor_Maintenance_Week.asset,Harbor Maintenance Week,Job,false,The Harbor is unavailable during this world event.,Harbor access restricted for structural inspection.,false,0,0,true,3,42,1,1,1,None,1,1,DisableJobSite,Harbor,None,None,0,false,None,None,None,None,0,false,None,None,None,None,0,false,None,None,None,None,0,false,None,None,None,None,0,false
23,WE-023,WE_023_Dockworkers_Strike.asset,Dockworkers Strike,Job,false,The Harbor's output is reduced by 30% during this world event. The Harbor's storage cap is reduced by 25% during this world event. Stored rewards at the Harbor cannot be collected while this event is active.,Dock disruptions slow Harbor shipments.,false,0,0,true,7,21,1,1,1,None,1,3,JobRateMultiplier,Harbor,None,None,0.7,false,JobStorageCapMultiplier,Harbor,None,None,0.75,false,JobCollectDisabled,Harbor,None,None,0,true,None,None,None,None,0,false,None,None,None,None,0,false
24,WE-024,WE_024_Shipping_Boom.asset,Shipping Boom,Job,false,The Harbor's output is increased by 30% during this world event.,Trade volume increases Harbor activity.,false,0,0,true,10,14,1,1,1,None,1,1,JobRateMultiplier,Harbor,None,None,1.3,false,None,None,None,None,0,false,None,None,None,None,0,false,None,None,None,None,0,false,None,None,None,None,0,false
25,WE-025,WE_025_Cryo_Lab_Maintenance_Week.asset,Cryo Lab Maintenance Week,Job,false,The Cryo Lab is unavailable during this world event.,Cryo Lab systems undergoing containment maintenance.,false,0,0,true,3,42,1,1,1,None,1,1,DisableJobSite,Cryo_Lab,None,None,0,false,None,None,None,None,0,false,None,None,None,None,0,false,None,None,None,None,0,false,None,None,None,None,0,false
26,WE-026,WE_026_Cryo_Lab_Inspection.asset,Cryo Lab Inspection,Job,false,The Cryo Lab's output is reduced by 15% during this world event. Working at the Cryo Lab generates 35% more fatigue during this world event.,Cryo inspection slows output and raises fatigue.,false,0,0,true,7,21,1,1,1,None,1,2,JobRateMultiplier,Cryo_Lab,None,None,0.85,false,JobFatigueRateMultiplier,Cryo_Lab,None,None,1.35,false,None,None,None,None,0,false,None,None,None,None,0,false,None,None,None,None,0,false
27,WE-027,WE_027_Cryo_Breakthrough.asset,Cryo Breakthrough,Job,false,The Cryo Lab's output is increased by 30% during this world event.,A Cryo Lab breakthrough improves production.,false,0,0,true,10,14,1,1,1,None,1,1,JobRateMultiplier,Cryo_Lab,None,None,1.3,false,None,None,None,None,0,false,None,None,None,None,0,false,None,None,None,None,0,false,None,None,None,None,0,false
28,WE-028,WE_028_Observatory_Maintenance_Week.asset,Observatory Maintenance Week,Job,false,The Observatory is unavailable during this world event.,Observatory systems offline for lens calibration.,false,0,0,true,3,42,1,1,1,None,1,1,DisableJobSite,Observatory,None,None,0,false,None,None,None,None,0,false,None,None,None,None,0,false,None,None,None,None,0,false,None,None,None,None,0,false
29,WE-029,WE_029_Observatory_Protest.asset,Observatory Protest,Job,false,The Observatory's output is reduced by 30% during this world event. The Observatory's storage cap is reduced by 20% during this world event.,A funding review slows Observatory operations.,false,0,0,true,7,21,1,1,1,None,1,2,JobRateMultiplier,Observatory,None,None,0.7,false,JobStorageCapMultiplier,Observatory,None,None,0.8,false,None,None,None,None,0,false,None,None,None,None,0,false,None,None,None,None,0,false
30,WE-030,WE_030_Clear_Skies_Week.asset,Clear Skies Week,Job,false,The Observatory's output is increased by 30% during this world event.,Clear conditions improve Observatory output.,false,0,0,true,10,14,1,1,1,None,1,1,JobRateMultiplier,Observatory,None,None,1.3,false,None,None,None,None,0,false,None,None,None,None,0,false,None,None,None,None,0,false,None,None,None,None,0,false
31,WE-031,WE_031_Containment_Maintenance_Week.asset,Containment Maintenance Week,Job,false,The Containment is unavailable during this world event.,Containment sealed for systems testing.,false,0,0,true,3,42,1,1,1,None,1,1,DisableJobSite,Containment,None,None,0,false,None,None,None,None,0,false,None,None,None,None,0,false,None,None,None,None,0,false,None,None,None,None,0,false
32,WE-032,WE_032_Containment_Inspection.asset,Containment Inspection,Job,false,The Containment's output is reduced by 15% during this world event. Working at the Containment generates 35% more fatigue during this world event.,"Containment protocols tighten, reducing output and raising fatigue.",false,0,0,true,7,21,1,1,1,None,1,2,JobRateMultiplier,Containment,None,None,0.85,false,JobFatigueRateMultiplier,Containment,None,None,1.35,false,None,None,None,None,0,false,None,None,None,None,0,false,None,None,None,None,0,false
33,WE-033,WE_033_Containment_Efficiency.asset,Containment Efficiency,Job,false,The Containment's output is increased by 30% during this world event.,Containment process improvements increase output.,false,0,0,true,10,14,1,1,1,None,1,1,JobRateMultiplier,Containment,None,None,1.3,false,None,None,None,None,0,false,None,None,None,None,0,false,None,None,None,None,0,false,None,None,None,None,0,false
34,WE-034,WE_034_Wyrm_Den_Maintenance_Week.asset,Wyrm Den Maintenance Week,Job,false,The Wyrm Den is unavailable during this world event.,Wyrm Den access limited during reinforcement work.,false,0,0,true,3,42,1,1,1,None,1,1,DisableJobSite,WyrmDen,None,None,0,false,None,None,None,None,0,false,None,None,None,None,0,false,None,None,None,None,0,false,None,None,None,None,0,false
35,WE-035,WE_035_Wyrm_Den_Unrest.asset,Wyrm Den Unrest,Job,false,The Wyrm Den's output is reduced by 30% during this world event. The Wyrm Den's storage cap is reduced by 25% during this world event.,Wyrm Den unrest reduces output and storage capacity.,false,0,0,true,7,21,1,1,1,None,1,2,JobRateMultiplier,WyrmDen,None,None,0.7,false,JobStorageCapMultiplier,WyrmDen,None,None,0.75,false,None,None,None,None,0,false,None,None,None,None,0,false,None,None,None,None,0,false
36,WE-036,WE_036_Wyrm_Activity_Surge.asset,Wyrm Activity Surge,Job,false,The Wyrm Den's output is increased by 30% during this world event.,Increased Wyrm activity raises Wyrm Den yields.,false,0,0,true,10,14,1,1,1,None,1,1,JobRateMultiplier,WyrmDen,None,None,1.3,false,None,None,None,None,0,false,None,None,None,None,0,false,None,None,None,None,0,false,None,None,None,None,0,false
37,WE-037,WE_037_Shadow_Market_Maintenance_Week.asset,Shadow Market Maintenance Week,Job,false,The Shadow Market is unavailable during this world event.,Shadow Market operations temporarily suspended for reorganization.,false,0,0,true,3,42,1,1,1,None,1,1,DisableJobSite,Shadow_Market,None,None,0,false,None,None,None,None,0,false,None,None,None,None,0,false,None,None,None,None,0,false,None,None,None,None,0,false
38,WE-038,WE_038_Shadow_Market_Crackdown.asset,Shadow Market Crackdown,Job,false,The Shadow Market's output is reduced by 30% during this world event. The Shadow Market's storage cap is reduced by 25% during this world event. Stored rewards at the Shadow Market cannot be collected while this event is active.,Enforcement pressure reduces Shadow Market output and storage.,false,0,0,true,7,21,1,1,1,None,1,3,JobRateMultiplier,Shadow_Market,None,None,0.7,false,JobStorageCapMultiplier,Shadow_Market,None,None,0.75,false,JobCollectDisabled,Shadow_Market,None,None,0,true,None,None,None,None,0,false,None,None,None,None,0,false
39,WE-039,WE_039_Black_Friday_Surge.asset,Black Friday Surge,Job,false,The Shadow Market's output is increased by 30% during this world event.,Shadow Market demand increases output.,false,0,0,true,10,14,1,1,1,None,1,1,JobRateMultiplier,Shadow_Market,None,None,1.3,false,None,None,None,None,0,false,None,None,None,None,0,false,None,None,None,None,0,false,None,None,None,None,0,false
40,WE-040,WE_040_Sanctum_Maintenance_Week.asset,Sanctum Maintenance Week,Job,false,The Sanctum is unavailable during this world event.,Sanctum sealed for ward repairs.,false,0,0,true,3,42,1,1,1,None,1,1,DisableJobSite,Sanctum,None,None,0,false,None,None,None,None,0,false,None,None,None,None,0,false,None,None,None,None,0,false,None,None,None,None,0,false
41,WE-041,WE_041_Sanctum_Protest.asset,Sanctum Protest,Job,false,The Sanctum's output is reduced by 30% during this world event. The Sanctum's storage cap is reduced by 25% during this world event.,Internal disruption reduces Sanctum output and storage.,false,0,0,true,7,21,1,1,1,None,1,2,JobRateMultiplier,Sanctum,None,None,0.7,false,JobStorageCapMultiplier,Sanctum,None,None,0.75,false,None,None,None,None,0,false,None,None,None,None,0,false,None,None,None,None,0,false
42,WE-042,WE_042_Sanctum_Blessing.asset,Sanctum Blessing,Job,false,The Sanctum's output is increased by 30% during this world event.,A rare blessing improves Sanctum output.,false,0,0,true,10,14,1,1,1,None,1,1,JobRateMultiplier,Sanctum,None,None,1.3,false,None,None,None,None,0,false,None,None,None,None,0,false,None,None,None,None,0,false,None,None,None,None,0,false
43,WE-043,WE_043_Clinic_Maintenance_Week.asset,Clinic Maintenance Week,Job,false,The Clinic is unavailable during this world event.,Clinic systems offline for sterilization maintenance.,false,0,0,true,3,42,1,1,1,None,1,1,DisableJobSite,Clinic,None,None,0,false,None,None,None,None,0,false,None,None,None,None,0,false,None,None,None,None,0,false,None,None,None,None,0,false
44,WE-044,WE_044_Clinic_Supply_Shortage.asset,Clinic Supply Shortage,Job,false,The Clinic's output is reduced by 30% during this world event. The Clinic's storage cap is reduced by 20% during this world event.,Supply shortages reduce Clinic throughput.,false,0,0,true,7,21,1,1,1,None,1,2,JobRateMultiplier,Clinic,None,None,0.7,false,JobStorageCapMultiplier,Clinic,None,None,0.8,false,None,None,None,None,0,false,None,None,None,None,0,false,None,None,None,None,0,false
45,WE-045,WE_045_Public_Health_Initiative.asset,Public Health Initiative,Job,false,The Clinic's output is increased by 30% during this world event.,Public health demand improves Clinic productivity.,false,0,0,true,10,14,1,1,1,None,1,1,JobRateMultiplier,Clinic,None,None,1.3,false,None,None,None,None,0,false,None,None,None,None,0,false,None,None,None,None,0,false,None,None,None,None,0,false
46,WE-046,WE_046_Expedition_Maintenance_Week.asset,Expedition Maintenance Week,Job,false,The Expedition is unavailable during this world event.,Expedition routes closed for mapping updates.,false,0,0,true,3,42,1,1,1,None,1,1,DisableJobSite,Expedition,None,None,0,false,None,None,None,None,0,false,None,None,None,None,0,false,None,None,None,None,0,false,None,None,None,None,0,false
47,WE-047,WE_047_Expedition_Delays.asset,Expedition Delays,Job,false,The Expedition's output is reduced by 30% during this world event. The Expedition's storage cap is reduced by 25% during this world event.,Expedition delays reduce output and storage capacity.,false,0,0,true,7,21,1,1,1,None,1,2,JobRateMultiplier,Expedition,None,None,0.7,false,JobStorageCapMultiplier,Expedition,None,None,0.75,false,None,None,None,None,0,false,None,None,None,None,0,false,None,None,None,None,0,false
48,WE-048,WE_048_Expedition_Windfall.asset,Expedition Windfall,Job,false,The Expedition's output is increased by 30% during this world event.,Expedition teams return with increased yields.,false,0,0,true,10,14,1,1,1,None,1,1,JobRateMultiplier,Expedition,None,None,1.3,false,None,None,None,None,0,false,None,None,None,None,0,false,None,None,None,None,0,false,None,None,None,None,0,false
49,WE-100,WE_100_Citywide_Curfew.asset,Citywide Curfew,Encounter,false,Rift Operations are unavailable during this world event.,Citywide curfew in effect. Rift Operations suspended.,false,0,0,true,10,28,1,1,1,None,1,1,DisableEncounters,None,None,None,0,true,None,None,None,None,0,false,None,None,None,None,0,false,None,None,None,None,0,false,None,None,None,None,0,false
50,WE-101,WE_101_High_Alert.asset,High Alert,Encounter,false,Time between boss encounters is reduced by 25% during this world event.,High Alert issued. Field risk is increasing.,false,0,0,true,10,21,1,1,1,None,1,1,BossCadenceMultiplier,None,None,None,0.75,false,None,None,None,None,0,false,None,None,None,None,0,false,None,None,None,None,0,false,None,None,None,None,0,false
51,WE-102,WE_102_Tourist_Season.asset,Tourist Season,Encounter,false,Rift Operations cost 20% less Energy during this world event.,Tourist traffic reduces Rift Operation Energy costs.,false,0,0,true,10,14,1,1,1,None,1,1,EncounterEnergyCostMultiplier,None,None,None,0.8,false,None,None,None,None,0,false,None,None,None,None,0,false,None,None,None,None,0,false,None,None,None,None,0,false
52,WE-103,WE_103_Quiet_Streets.asset,Quiet Streets,Encounter,false,Time between boss encounters is increased by 20% during this world event.,Quiet conditions reduce hostile activity.,false,0,0,true,8,14,1,1,1,None,1,1,BossCadenceMultiplier,None,None,None,1.2,false,None,None,None,None,0,false,None,None,None,None,0,false,None,None,None,None,0,false,None,None,None,None,0,false
53,WE-104,WE_104_Festival_Crowds.asset,Festival Crowds,Encounter,false,Rift Operations cost 15% less Energy during this world event.,"Festival traffic lowers operation costs, but Rift sightings are less frequent.",false,0,0,true,8,14,1,1,1,None,1,1,EncounterEnergyCostMultiplier,None,None,None,0.85,false,None,None,None,None,0,false,None,None,None,None,0,false,None,None,None,None,0,false,None,None,None,None,0,false
54,WE-105,WE_105_Security_Sweep.asset,Security Sweep,Encounter,false,Rift Operations are unavailable during this world event.,A security sweep disrupts Rift Operation availability.,false,0,0,true,7,21,1,1,1,None,1,1,DisableEncounters,None,None,None,0,true,None,None,None,None,0,false,None,None,None,None,0,false,None,None,None,None,0,false,None,None,None,None,0,false
55,WE-106,WE_106_Storm_Front.asset,Storm Front,Encounter,false,Time between boss encounters is reduced by 15% during this world event.,A storm front increases field danger. Boss sightings occur sooner.,false,0,0,true,7,21,1,1,1,None,1,1,BossCadenceMultiplier,None,None,None,0.85,false,None,None,None,None,0,false,None,None,None,None,0,false,None,None,None,None,0,false,None,None,None,None,0,false
56,WE-107,WE_107_Free_Pass_Week.asset,Free Pass Week,Encounter,false,Rift Operations cost 25% less Energy during this world event.,Transit promotions reduce Rift Operation Energy costs.,false,0,0,true,7,14,1,1,1,None,1,1,EncounterEnergyCostMultiplier,None,None,None,0.75,false,None,None,None,None,0,false,None,None,None,None,0,false,None,None,None,None,0,false,None,None,None,None,0,false
57,WE-200,WE_200_Inflation.asset,Inflation,Meta,false,Shop prices are increased by 20% during this world event.,Inflation raises market valuations.,false,0,0,true,10,21,1,1,1,None,1,1,ShopPriceMultiplier,None,None,None,1.2,false,None,None,None,None,0,false,None,None,None,None,0,false,None,None,None,None,0,false,None,None,None,None,0,false
58,WE-201,WE_201_Deflation.asset,Deflation,Meta,false,Shop prices are reduced by 15% during this world event.,A market downturn lowers valuations.,false,0,0,true,10,21,1,1,1,None,1,1,ShopPriceMultiplier,None,None,None,0.85,false,None,None,None,None,0,false,None,None,None,None,0,false,None,None,None,None,0,false,None,None,None,None,0,false
59,WE-202,WE_202_Voucher_Drive.asset,Voucher Drive,Meta,false,Voucher gains are increased by 50% during this world event.,A voucher initiative increases special reward availability.,false,0,0,true,10,14,1,1,1,None,1,1,ResourceGainMultiplier,None,Vouchers,None,1.5,false,None,None,None,None,0,false,None,None,None,None,0,false,None,None,None,None,0,false,None,None,None,None,0,false
60,WE-203,WE_203_Supply_Chain_Relief.asset,Supply Chain Relief,Meta,false,Shop prices are reduced by 10% during this world event.,Supply chain relief lowers shop pricing.,false,0,0,true,8,14,1,1,1,None,1,1,ShopPriceMultiplier,None,None,None,0.9,false,None,None,None,None,0,false,None,None,None,None,0,false,None,None,None,None,0,false,None,None,None,None,0,false
61,WE-204,WE_204_Market_Panic.asset,Market Panic,Meta,false,Shop prices are increased by 10% during this world event.,Market instability raises shop pricing.,false,0,0,true,8,21,1,1,1,None,1,1,ShopPriceMultiplier,None,None,None,1.1,false,None,None,None,None,0,false,None,None,None,None,0,false,None,None,None,None,0,false,None,None,None,None,0,false
62,WE-205,WE_205_Bonus_Payout_Week.asset,Bonus Payout Week,Meta,false,All resource gains are increased by 10% during this world event.,Bonus payouts increase resource yields.,false,0,0,true,7,14,1,1,1,None,1,1,ResourceGainMultiplier,None,All,None,1.1,false,None,None,None,None,0,false,None,None,None,None,0,false,None,None,None,None,0,false,None,None,None,None,0,false
63,WE-206,WE_206_Rationing_Week.asset,Rationing Week,Meta,false,All resource gains are reduced by 5% during this world event.,Rationing slightly reduces resource yields.,false,0,0,true,7,14,1,1,1,None,1,1,ResourceGainMultiplier,None,All,None,0.95,false,None,None,None,None,0,false,None,None,None,None,0,false,None,None,None,None,0,false,None,None,None,None,0,false
64,WE-207,WE_207_Collector_Craze.asset,Collector Craze,Meta,false,Voucher gains are increased by 25% during this world event.,Collector demand improves voucher-style drop rates.,false,0,0,true,7,14,1,1,1,None,1,1,ResourceGainMultiplier,None,Vouchers,None,1.25,false,None,None,None,None,0,false,None,None,None,None,0,false,None,None,None,None,0,false,None,None,None,None,0,false
65,WE-300,WE_300_Local_News.asset,Local News,Flavor,false,This is a flavor-only world event and does not change gameplay.,City bulletin: a Bitling parade draws crowds downtown.,false,0,0,true,10,7,1,1,1,None,1,0,None,None,None,None,0,false,None,None,None,None,0,false,None,None,None,None,0,false,None,None,None,None,0,false,None,None,None,None,0,false
66,WE-301,WE_301_Weather_Report.asset,Weather Report,Flavor,false,This is a flavor-only world event and does not change gameplay.,Weather bulletin: mild conditions reported across the region.,false,0,0,true,10,7,1,1,1,None,1,0,None,None,None,None,0,false,None,None,None,None,0,false,None,None,None,None,0,false,None,None,None,None,0,false,None,None,None,None,0,false
67,WE-302,WE_302_Radio_Chatter.asset,Radio Chatter,Flavor,false,This is a flavor-only world event and does not change gameplay.,Radio bulletin: unusual signals reported near the Observatory.,false,0,0,true,10,7,1,1,1,None,1,0,None,None,None,None,0,false,None,None,None,None,0,false,None,None,None,None,0,false,None,None,None,None,0,false,None,None,None,None,0,false
68,WE-303,WE_303_Transit_Delay.asset,Transit Delay,Flavor,false,This is a flavor-only world event and does not change gameplay.,Transit bulletin: outer-route shipments are delayed.,false,0,0,true,10,7,1,1,1,None,1,0,None,None,None,None,0,false,None,None,None,None,0,false,None,None,None,None,0,false,None,None,None,None,0,false,None,None,None,None,0,false
69,WE-304,WE_304_Community_Notice.asset,Community Notice,Flavor,false,This is a flavor-only world event and does not change gameplay.,Community notice: volunteer cleanup scheduled this weekend.,false,0,0,true,10,7,1,1,1,None,1,0,None,None,None,None,0,false,None,None,None,None,0,false,None,None,None,None,0,false,None,None,None,None,0,false,None,None,None,None,0,false
70,WE-305,WE_305_Street_Market.asset,Street Market,Flavor,false,This is a flavor-only world event and does not change gameplay.,Local market activity expands into new neighborhoods.,false,0,0,true,10,7,1,1,1,None,1,0,None,None,None,None,0,false,None,None,None,None,0,false,None,None,None,None,0,false,None,None,None,None,0,false,None,None,None,None,0,false
71,WE-306,WE_306_City_Council.asset,City Council,Flavor,false,This is a flavor-only world event and does not change gameplay.,Council review underway on new infrastructure policies.,false,0,0,true,10,7,1,1,1,None,1,0,None,None,None,None,0,false,None,None,None,None,0,false,None,None,None,None,0,false,None,None,None,None,0,false,None,None,None,None,0,false
72,WE-307,WE_307_Lost_And_Found.asset,Lost And Found,Flavor,false,This is a flavor-only world event and does not change gameplay.,Lost and found: a polished trinket has been returned to its owner.,false,0,0,true,10,7,1,1,1,None,1,0,None,None,None,None,0,false,None,None,None,None,0,false,None,None,None,None,0,false,None,None,None,None,0,false,None,None,None,None,0,false
73,WE-308,WE_308_Public_Service.asset,Public Service,Flavor,false,This is a flavor-only world event and does not change gameplay.,Public notice: maintain hydration and rest during operations.,false,0,0,true,10,7,1,1,1,None,1,0,None,None,None,None,0,false,None,None,None,None,0,false,None,None,None,None,0,false,None,None,None,None,0,false,None,None,None,None,0,false
74,WE-309,WE_309_Neighborhood_Watch.asset,Neighborhood Watch,Flavor,false,This is a flavor-only world event and does not change gameplay.,Neighborhood watch reports increased late-night activity.,false,0,0,true,10,7,1,1,1,None,1,0,None,None,None,None,0,false,None,None,None,None,0,false,None,None,None,None,0,false,None,None,None,None,0,false,None,None,None,None,0,false
75,WE-310,WE_310_Photo_Contest.asset,Photo Contest,Flavor,false,This is a flavor-only world event and does not change gameplay.,Photo contest: best Bitling snapshot receives a prize.,false,0,0,true,10,7,1,1,1,None,1,0,None,None,None,None,0,false,None,None,None,None,0,false,None,None,None,None,0,false,None,None,None,None,0,false,None,None,None,None,0,false
76,WE-311,WE_311_Local_Sports.asset,Local Sports,Flavor,false,This is a flavor-only world event and does not change gameplay.,Gym hosts a citywide tournament this week.,false,0,0,true,10,7,1,1,1,None,1,0,None,None,None,None,0,false,None,None,None,None,0,false,None,None,None,None,0,false,None,None,None,None,0,false,None,None,None,None,0,false
77,WE-312,WE_312_Art_Exhibit.asset,Art Exhibit,Flavor,false,This is a flavor-only world event and does not change gameplay.,A new exhibit opens featuring rare Grove sculptures.,false,0,0,true,10,7,1,1,1,None,1,0,None,None,None,None,0,false,None,None,None,None,0,false,None,None,None,None,0,false,None,None,None,None,0,false,None,None,None,None,0,false
78,WE-313,WE_313_Science_Fair.asset,Science Fair,Flavor,false,This is a flavor-only world event and does not change gameplay.,Science fair activity increases near the Cryo Lab district.,false,0,0,true,10,7,1,1,1,None,1,0,None,None,None,None,0,false,None,None,None,None,0,false,None,None,None,None,0,false,None,None,None,None,0,false,None,None,None,None,0,false
79,WE-314,WE_314_Minor_Tremors.asset,Minor Tremors,Flavor,false,This is a flavor-only world event and does not change gameplay.,Minor tremors reported near the Quarry.,false,0,0,true,10,7,1,1,1,None,1,0,None,None,None,None,0,false,None,None,None,None,0,false,None,None,None,None,0,false,None,None,None,None,0,false,None,None,None,None,0,false
80,WE-315,WE_315_Workshop_Rumor.asset,Workshop Rumor,Flavor,false,This is a flavor-only world event and does not change gameplay.,Workshop report: a prototype device is unaccounted for.,false,0,0,true,10,7,1,1,1,None,1,0,None,None,None,None,0,false,None,None,None,None,0,false,None,None,None,None,0,false,None,None,None,None,0,false,None,None,None,None,0,false
81,WE-316,WE_316_Harbor_Lights.asset,Harbor Lights,Flavor,false,This is a flavor-only world event and does not change gameplay.,Harbor lights were seen flickering late last night.,false,0,0,true,10,7,1,1,1,None,1,0,None,None,None,None,0,false,None,None,None,None,0,false,None,None,None,None,0,false,None,None,None,None,0,false,None,None,None,None,0,false
82,WE-317,WE_317_Clinic_Update.asset,Clinic Update,Flavor,false,This is a flavor-only world event and does not change gameplay.,Clinic update: community wellness checks continue.,false,0,0,true,10,7,1,1,1,None,1,0,None,None,None,None,0,false,None,None,None,None,0,false,None,None,None,None,0,false,None,None,None,None,0,false,None,None,None,None,0,false
83,WE-318,WE_318_Power_Fluctuation.asset,Power Fluctuation,Flavor,false,This is a flavor-only world event and does not change gameplay.,Power update: brief outage reported and resolved.,false,0,0,true,10,7,1,1,1,None,1,0,None,None,None,None,0,false,None,None,None,None,0,false,None,None,None,None,0,false,None,None,None,None,0,false,None,None,None,None,0,false
84,WE-319,WE_319_Supply_Shipment.asset,Supply Shipment,Flavor,false,This is a flavor-only world event and does not change gameplay.,Supply shipment arrives ahead of schedule.,false,0,0,true,10,7,1,1,1,None,1,0,None,None,None,None,0,false,None,None,None,None,0,false,None,None,None,None,0,false,None,None,None,None,0,false,None,None,None,None,0,false
85,WE-320,WE_320_Lost_Cat.asset,Lost Cat,Flavor,false,This is a flavor-only world event and does not change gameplay.,Workshop notice: the resident cat remains missing. Reward offered.,false,0,0,true,10,7,1,1,1,None,1,0,None,None,None,None,0,false,None,None,None,None,0,false,None,None,None,None,0,false,None,None,None,None,0,false,None,None,None,None,0,false
86,WE-321,WE_321_Public_Debate.asset,Public Debate,Flavor,false,This is a flavor-only world event and does not change gameplay.,Public debate continues over Shadow Market regulation.,false,0,0,true,10,7,1,1,1,None,1,0,None,None,None,None,0,false,None,None,None,None,0,false,None,None,None,None,0,false,None,None,None,None,0,false,None,None,None,None,0,false
87,WE-322,WE_322_Containment_Drill.asset,Containment Drill,Flavor,false,This is a flavor-only world event and does not change gameplay.,Containment conducts a routine drill. No risk reported.,false,0,0,true,10,7,1,1,1,None,1,0,None,None,None,None,0,false,None,None,None,None,0,false,None,None,None,None,0,false,None,None,None,None,0,false,None,None,None,None,0,false
88,WE-323,WE_323_Stargazing_Week.asset,Stargazing Week,Flavor,false,This is a flavor-only world event and does not change gameplay.,Observatory declares a regional Stargazing Week.,false,0,0,true,10,7,1,1,1,None,1,0,None,None,None,None,0,false,None,None,None,None,0,false,None,None,None,None,0,false,None,None,None,None,0,false,None,None,None,None,0,false
89,WE-324,WE_324_New_Route.asset,New Route,Flavor,false,This is a flavor-only world event and does not change gameplay.,A new Expedition route opens for civilian travel.,false,0,0,true,10,7,1,1,1,None,1,0,None,None,None,None,0,false,None,None,None,None,0,false,None,None,None,None,0,false,None,None,None,None,0,false,None,None,None,None,0,false
90,WE-325,WE_325_Local_Celebrity.asset,Local Celebrity,Flavor,false,This is a flavor-only world event and does not change gameplay.,A well-known Bitling was spotted downtown.,false,0,0,true,10,7,1,1,1,None,1,0,None,None,None,None,0,false,None,None,None,None,0,false,None,None,None,None,0,false,None,None,None,None,0,false,None,None,None,None,0,false
91,WE-326,WE_326_Donation_Drive.asset,Donation Drive,Flavor,false,This is a flavor-only world event and does not change gameplay.,Donation drive underway for Clinic supplies.,false,0,0,true,10,7,1,1,1,None,1,0,None,None,None,None,0,false,None,None,None,None,0,false,None,None,None,None,0,false,None,None,None,None,0,false,None,None,None,None,0,false
92,WE-327,WE_327_Street_Music.asset,Street Music,Flavor,false,This is a flavor-only world event and does not change gameplay.,Street musicians perform outside the Harbor gates.,false,0,0,true,10,7,1,1,1,None,1,0,None,None,None,None,0,false,None,None,None,None,0,false,None,None,None,None,0,false,None,None,None,None,0,false,None,None,None,None,0,false
93,WE-328,WE_328_Maintenance_Notice.asset,Maintenance Notice,Flavor,false,This is a flavor-only world event and does not change gameplay.,Maintenance notice: minor repairs continue across the city.,false,0,0,true,10,7,1,1,1,None,1,0,None,None,None,None,0,false,None,None,None,None,0,false,None,None,None,None,0,false,None,None,None,None,0,false,None,None,None,None,0,false
94,WE-329,WE_329_Quiet_Week.asset,Quiet Week,Flavor,false,This is a flavor-only world event and does not change gameplay.,Regional activity remains quiet this week.,false,0,0,true,10,7,1,1,1,None,1,0,None,None,None,None,0,false,None,None,None,None,0,false,None,None,None,None,0,false,None,None,None,None,0,false,None,None,None,None,0,false
95,WE-330,WE_330_Food_Festival.asset,Food Festival,Flavor,false,This is a flavor-only world event and does not change gameplay.,Food festival draws crowds to the central plaza.,false,0,0,true,10,7,1,1,1,None,1,0,None,None,None,None,0,false,None,None,None,None,0,false,None,None,None,None,0,false,None,None,None,None,0,false,None,None,None,None,0,false
96,WE-331,WE_331_Book_Fair.asset,Book Fair,Flavor,false,This is a flavor-only world event and does not change gameplay.,Book fair announces rare volumes from the Sanctum.,false,0,0,true,10,7,1,1,1,None,1,0,None,None,None,None,0,false,None,None,None,None,0,false,None,None,None,None,0,false,None,None,None,None,0,false,None,None,None,None,0,false
97,WE-332,WE_332_New_Sculpture.asset,New Sculpture,Flavor,false,This is a flavor-only world event and does not change gameplay.,A new sculpture has been installed near the Grove entrance.,false,0,0,true,10,7,1,1,1,None,1,0,None,None,None,None,0,false,None,None,None,None,0,false,None,None,None,None,0,false,None,None,None,None,0,false,None,None,None,None,0,false
98,WE-333,WE_333_Repair_Completed.asset,Repair Completed,Flavor,false,This is a flavor-only world event and does not change gameplay.,City notice: multiple repairs completed ahead of schedule.,false,0,0,true,10,7,1,1,1,None,1,0,None,None,None,None,0,false,None,None,None,None,0,false,None,None,None,None,0,false,None,None,None,None,0,false,None,None,None,None,0,false
99,WE-334,WE_334_Market_Gossip.asset,Market Gossip,Flavor,false,This is a flavor-only world event and does not change gameplay.,Market bulletin suggests valuation shifts may be approaching.,false,0,0,true,10,7,1,1,1,None,1,0,None,None,None,None,0,false,None,None,None,None,0,false,None,None,None,None,0,false,None,None,None,None,0,false,None,None,None,None,0,false
100,WE-335,WE_335_Safety_Reminder.asset,Safety Reminder,Flavor,false,This is a flavor-only world event and does not change gameplay.,Safety reminder issued for all BRN job sites.,false,0,0,true,10,7,1,1,1,None,1,0,None,None,None,None,0,false,None,None,None,None,0,false,None,None,None,None,0,false,None,None,None,None,0,false,None,None,None,None,0,false
101,WE-336,WE_336_Observatory_Buzz.asset,Observatory Buzz,Flavor,false,This is a flavor-only world event and does not change gameplay.,Observatory bulletin: a rare alignment is expected tonight.,false,0,0,true,10,7,1,1,1,None,1,0,None,None,None,None,0,false,None,None,None,None,0,false,None,None,None,None,0,false,None,None,None,None,0,false,None,None,None,None,0,false
102,WE-337,WE_337_Harbor_Parade.asset,Harbor Parade,Flavor,false,This is a flavor-only world event and does not change gameplay.,Harbor hosts a ceremonial procession.,false,0,0,true,10,7,1,1,1,None,1,0,None,None,None,None,0,false,None,None,None,None,0,false,None,None,None,None,0,false,None,None,None,None,0,false,None,None,None,None,0,false
103,WE-338,WE_338_Clinic_Seminar.asset,Clinic Seminar,Flavor,false,This is a flavor-only world event and does not change gameplay.,Clinic hosts a public seminar on recovery and rest.,false,0,0,true,10,7,1,1,1,None,1,0,None,None,None,None,0,false,None,None,None,None,0,false,None,None,None,None,0,false,None,None,None,None,0,false,None,None,None,None,0,false
104,WE-339,WE_339_Power_Station_Tour.asset,Power Station Tour,Flavor,false,This is a flavor-only world event and does not change gameplay.,Public tours are now available at the Power Plant.,false,0,0,true,10,7,1,1,1,None,1,0,None,None,None,None,0,false,None,None,None,None,0,false,None,None,None,None,0,false,None,None,None,None,0,false,None,None,None,None,0,false
105,WE-340,WE_340_Idle_Surge_Week.asset,Idle Surge Week,Meta,false,Idle rewards are doubled during this world event.,Idle rewards are doubled across all BRN job activity this week.,false,0,0,true,10,14,2,1,1,None,1,0,None,None,None,None,0,false,None,None,None,None,0,false,None,None,None,None,0,false,None,None,None,None,0,false,None,None,None,None,0,false
106,WE-341,WE_341_Rapid_Production_Week.asset,Rapid Production Week,Meta,false,Idle rewards are increased by 50% during this world event.,Idle rewards are increased by 50 percent during this production push.,false,0,0,true,8,14,1.5,1,1,None,1,0,None,None,None,None,0,false,None,None,None,None,0,false,None,None,None,None,0,false,None,None,None,None,0,false,None,None,None,None,0,false
107,WE-342,WE_342_Efficient_Workforce_Week.asset,Efficient Workforce Week,Meta,false,Idle rewards are increased by 30% during this world event. Battle rewards are reduced by 20% during this world event.,"Idle production rises, but battle payouts are slightly reduced this week.",false,0,0,true,6,21,1.3,0.8,1,None,1,0,None,None,None,None,0,false,None,None,None,None,0,false,None,None,None,None,0,false,None,None,None,None,0,false,None,None,None,None,0,false
108,WE-343,WE_343_Combat_Bonus_Week.asset,Combat Bonus Week,Encounter,false,Battle rewards are increased by 50% during this world event.,Battle rewards are increased by 50 percent for all active operations.,false,0,0,true,10,14,1,1.5,1,None,1,0,None,None,None,None,0,false,None,None,None,None,0,false,None,None,None,None,0,false,None,None,None,None,0,false,None,None,None,None,0,false
109,WE-344,WE_344_High_Risk_Week.asset,High Risk Week,Encounter,false,Battle rewards are increased by 50% during this world event.,Danger pay has been authorized. Battle rewards rise sharply during this volatile week.,false,0,0,true,7,21,1,1.5,1,None,1,0,None,None,None,None,0,false,None,None,None,None,0,false,None,None,None,None,0,false,None,None,None,None,0,false,None,None,None,None,0,false
110,WE-345,WE_345_Reinforced_Defense_Week.asset,Reinforced Defense Week,Encounter,false,Battle rewards are increased by 10% during this world event.,Protective protocols are reinforced across BRN combat deployments.,false,0,0,true,6,21,1,1.1,1,None,1,0,None,None,None,None,0,false,None,None,None,None,0,false,None,None,None,None,0,false,None,None,None,None,0,false,None,None,None,None,0,false
111,WE-346,WE_346_Glass_Cannon_Week.asset,Glass Cannon Week,Encounter,false,Battle rewards are increased by 25% during this world event.,Aggressive combat tuning increases battle payouts for all field teams.,false,0,0,true,5,21,1,1.25,1,None,1,0,None,None,None,None,0,false,None,None,None,None,0,false,None,None,None,None,0,false,None,None,None,None,0,false,None,None,None,None,0,false
112,WE-347,WE_347_Fire_Surge_Week.asset,Fire Surge Week,Encounter,false,Fire-type Bitlings deal 50% more damage during this world event.,Fire-type Bitlings deal increased damage this week.,false,0,0,true,9,14,1,1,1,Fire,1.5,0,None,None,None,None,0,false,None,None,None,None,0,false,None,None,None,None,0,false,None,None,None,None,0,false,None,None,None,None,0,false
113,WE-348,WE_348_Water_Flow_Week.asset,Water Flow Week,Encounter,false,Water-type Bitlings deal 40% more damage during this world event.,Water-type Bitlings perform more effectively in combat during this cycle.,false,0,0,true,8,14,1,1,1,Water,1.4,0,None,None,None,None,0,false,None,None,None,None,0,false,None,None,None,None,0,false,None,None,None,None,0,false,None,None,None,None,0,false
114,WE-349,WE_349_Electric_Overload_Week.asset,Electric Overload Week,Encounter,false,Electric-type Bitlings deal 50% more damage during this world event.,Electric-type Bitlings discharge increased combat output this week.,false,0,0,true,8,14,1,1,1,Electric,1.5,0,None,None,None,None,0,false,None,None,None,None,0,false,None,None,None,None,0,false,None,None,None,None,0,false,None,None,None,None,0,false
115,WE-350,WE_350_Ice_Front_Week.asset,Ice Front Week,Encounter,false,Ice-type Bitlings deal 40% more damage during this world event.,Ice-type Bitlings gain an offensive boost during this cold cycle.,false,0,0,true,7,14,1,1,1,Ice,1.4,0,None,None,None,None,0,false,None,None,None,None,0,false,None,None,None,None,0,false,None,None,None,None,0,false,None,None,None,None,0,false
116,WE-351,WE_351_Growth_Cycle_Week.asset,Growth Cycle Week,Encounter,false,Grass-type Bitlings deal 40% more damage during this world event.,Grass-type Bitlings thrive under current environmental conditions.,false,0,0,true,7,14,1,1,1,Grass,1.4,0,None,None,None,None,0,false,None,None,None,None,0,false,None,None,None,None,0,false,None,None,None,None,0,false,None,None,None,None,0,false
117,WE-352,WE_352_Market_Boom_Week.asset,Market Boom Week,Meta,false,Exchange sale values are increased by 25% during this world event.,Exchange sale values rise across the board this week.,false,0,0,true,10,14,1,1,1.25,None,1,0,None,None,None,None,0,false,None,None,None,None,0,false,None,None,None,None,0,false,None,None,None,None,0,false,None,None,None,None,0,false
118,WE-353,WE_353_Market_Crash_Week.asset,Market Crash Week,Meta,false,Exchange sale values are reduced by 20% during this world event.,Exchange sale values fall across the market this week.,false,0,0,true,8,21,1,1,0.8,None,1,0,None,None,None,None,0,false,None,None,None,None,0,false,None,None,None,None,0,false,None,None,None,None,0,false,None,None,None,None,0,false
119,WE-354,WE_354_High_Demand_Week.asset,High Demand Week,Meta,false,Exchange sale values are increased by 15% during this world event.,Exchange activity intensifies as Bitling demand rises.,false,0,0,true,8,14,1,1,1.15,None,1,0,None,None,None,None,0,false,None,None,None,None,0,false,None,None,None,None,0,false,None,None,None,None,0,false,None,None,None,None,0,false
120,WE-355,WE_355_Premium_Trading_Week.asset,Premium Trading Week,Meta,false,Exchange sale values are increased by 20% during this world event.,High-value Bitlings receive stronger exchange pricing this week.,false,0,0,true,6,21,1,1,1.2,None,1,0,None,None,None,None,0,false,None,None,None,None,0,false,None,None,None,None,0,false,None,None,None,None,0,false,None,None,None,None,0,false
121,WE-356,WE_356_Gold_Rush_Week.asset,Gold Rush Week,Meta,false,Idle rewards are increased by 50% during this world event. Exchange sale values are increased by 25% during this world event.,Idle production and exchange sale values both increase this week.,false,0,0,true,9,14,1.5,1,1.25,None,1,0,None,None,None,None,0,false,None,None,None,None,0,false,None,None,None,None,0,false,None,None,None,None,0,false,None,None,None,None,0,false
122,WE-357,WE_357_War_Economy_Week.asset,War Economy Week,Meta,false,Battle rewards are increased by 50% during this world event. Exchange sale values are reduced by 15% during this world event.,"Battle rewards rise, but exchange sale values weaken under pressure.",false,0,0,true,7,21,1,1.5,0.85,None,1,0,None,None,None,None,0,false,None,None,None,None,0,false,None,None,None,None,0,false,None,None,None,None,0,false,None,None,None,None,0,false
123,WE-358,WE_358_Energy_Crisis_Week.asset,Energy Crisis Week,Meta,false,Idle rewards are reduced by 25% during this world event. Battle rewards are increased by 40% during this world event.,"Idle output is reduced, encouraging more active BRN operations.",false,0,0,true,7,21,0.75,1.4,1,None,1,0,None,None,None,None,0,false,None,None,None,None,0,false,None,None,None,None,0,false,None,None,None,None,0,false,None,None,None,None,0,false
124,WE-359,WE_359_Chaos_Week.asset,Chaos Week,Meta,false,Idle rewards are increased by 20% during this world event. Battle rewards are increased by 20% during this world event. Exchange sale values are increased by 20% during this world event.,"Unstable conditions boost idle, battle, and exchange systems slightly this week.",false,0,0,true,5,28,1.2,1.2,1.2,None,1,0,None,None,None,None,0,false,None,None,None,None,0,false,None,None,None,None,0,false,None,None,None,None,0,false,None,None,None,None,0,false
