ID,Name,Core Type,Description,Stat/Effect Target,Operation,Value,Rarity,Weight,Recommended Monster Types,Notes
T-001,Apprentice,BattleStartFlatTitleSO,Adds flat stat bonus at battle start. Value: 10.,ATK,Add,10,Uncommon,83,"Fire, Clash","Fits Fire, Clash."
T-002,Firefighter,BattleStartShieldTitleSO,Grants shield based on Max HP at battle start. Value: 10.,HP,Percent,10,Uncommon,61,"Grass, Ground","Fits Grass, Ground."
T-003,Mechanic,ClutchBoosterTitleSO,Boosts stats when HP below 25%. Value: 1.1.,ATK,Multiply,1.1,Common,87,"Umbral, Corrupt","Fits Umbral, Corrupt."
T-004,Nurse,DamageFilterTitleSO,Reduces incoming damage. Value: 0.9.,Damage,Multiply,0.9,Common,80,"Water, Rock","Fits Water, Rock."
T-005,Technician,EffectivenessModTitleSO,Increases type effectiveness. Value: 1.1.,Effectiveness,Multiply,1.1,Common,68,"Fire, Corrupt","Fits Fire, Corrupt."
T-006,Teacher,EffectivenessNullifyTitleSO,Reduces type weakness damage. Value: 0.85.,Effectiveness,Multiply,0.85,Uncommon,79,"Water, Grass","Fits Water, Grass."
T-007,Foreman,EventStacksTitleSO,Gains stacking bonus when triggering events. Value: 3.,ATK,Per Stack,3,Common,75,"Clash, Umbral","Fits Clash, Umbral."
T-008,Analyst,TurnBoosterTitleSO,Increases stat by % each turn. Value: 2.,ATK,Per Turn,2,Uncommon,76,"Clash, Wyrm","Fits Clash, Wyrm."
T-009,Guard,TypeResistTitleSO,Reduces damage from specific monster types. Value: 0.9.,Damage,Multiply,0.9,Uncommon,86,"Rock, Alloy","Fits Rock, Alloy."
T-010,Builder,ConditionalJobRateBoosterTitleSO,Increases job production rate. Value: 1.1.,Job Rate,Multiply,1.1,Uncommon,74,"Bug, Oracle","Fits Bug, Oracle."
T-011,Operator,JobAuraTitleSO,Boosts allies' job rate. Value: 1.05.,Job Rate (Allies),Multiply,1.05,Common,56,"Alloy, Bug","Fits Alloy, Bug."
T-012,Planner,JobCapacityBoosterTitleSO,Adds worker slots to job site. Value: 1.,Capacity,Add,1,Common,77,"Ground, Alloy","Fits Ground, Alloy."
T-013,Cook,JobFatigueBoosterTitleSO,Slows fatigue gain while working. Value: 0.9.,Fatigue Rate,Multiply,0.9,Uncommon,78,"Grass, Oracle","Fits Grass, Oracle."
T-014,Trainer,CoinBonusOnVictoryTitleSO,Increases coins after victory. Value: 1.1.,Coins,Multiply,1.1,Uncommon,61,"Alloy, Grass","Fits Alloy, Grass."
T-015,Electrician,GrowthCoreBonusOnVictoryTitleSO,Increases growth cores gained. Value: 1.1.,Growth Cores,Multiply,1.1,Uncommon,77,"Oracle, Bug","Fits Oracle, Bug."
T-016,Scientist,ConditionalStatBoosterTitleSO,Boosts stat under condition. Value: 1.1.,ATK,Multiply,1.1,Uncommon,68,"Clash, Wyrm","Fits Clash, Wyrm."
T-017,Librarian,ConditionalDualStatBoosterTitleSO,Boosts two stats under condition. Value: 1.05.,ATK+SPD,Multiply,1.05,Common,72,"Umbral, Wyrm","Fits Umbral, Wyrm."
T-018,Supervisor,DualStatBoosterTitleSO,Boosts two stats. Value: 1.05.,ATK+DEF,Multiply,1.05,Common,80,"Clash, Corrupt","Fits Clash, Corrupt."
T-019,Assistant,StatBoosterTitleSO,Boosts single stat. Value: 1.1.,ATK,Multiply,1.1,Uncommon,60,"Umbral, Fire","Fits Umbral, Fire."
T-020,Artisan,BattleStartFlatTitleSO,Adds flat stat bonus at battle start. Value: 10.,ATK,Add,10,Common,72,"Clash, Fire","Fits Clash, Fire."
T-021,Surveyor,BattleStartFlatTitleSO,Adds flat stat bonus at battle start. Value: 15.,ATK,Add,15,Uncommon,55,"Corrupt, Fire","Fits Corrupt, Fire."
T-022,Pilot,BattleStartFlatTitleSO,Adds flat stat bonus at battle start. Value: 20.,ATK,Add,20,Rare,49,"Clash, Corrupt","Fits Clash, Corrupt."
T-023,Captain,BattleStartFlatTitleSO,Adds flat stat bonus at battle start. Value: 25.,ATK,Add,25,Epic,19,"Clash, Fire","Fits Clash, Fire."
T-024,Analyst,BattleStartFlatTitleSO,Adds flat stat bonus at battle start. Value: 30.,ATK,Add,30,Legendary,10,"Clash, Corrupt","Fits Clash, Corrupt."
T-025,Commander,BattleStartShieldTitleSO,Grants shield based on Max HP at battle start. Value: 10.,HP,Percent,10,Common,72,"Water, Alloy","Fits Water, Alloy."
T-026,Doctor,BattleStartShieldTitleSO,Grants shield based on Max HP at battle start. Value: 15.,HP,Percent,15,Uncommon,55,"Water, Ground","Fits Water, Ground."
T-027,Guard,BattleStartShieldTitleSO,Grants shield based on Max HP at battle start. Value: 20.,HP,Percent,20,Rare,49,"Water, Rock","Fits Water, Rock."
T-028,Judge,BattleStartShieldTitleSO,Grants shield based on Max HP at battle start. Value: 25.,HP,Percent,25,Epic,19,"Ground, Water","Fits Ground, Water."
T-029,Botanist,BattleStartShieldTitleSO,Grants shield based on Max HP at battle start. Value: 30.,HP,Percent,30,Legendary,10,"Alloy, Water","Fits Alloy, Water."
T-030,Officer,ClutchBoosterTitleSO,Boosts stats when HP below 25%. Value: 1.1.,ATK,Multiply,1.1,Common,72,"Corrupt, Wyrm","Fits Corrupt, Wyrm."
T-031,Coach,ClutchBoosterTitleSO,Boosts stats when HP below 25%. Value: 1.15.,ATK,Multiply,1.15,Uncommon,55,"Clash, Corrupt","Fits Clash, Corrupt."
T-032,Surgeon,ClutchBoosterTitleSO,Boosts stats when HP below 25%. Value: 1.2.,ATK,Multiply,1.2,Rare,49,"Corrupt, Clash","Fits Corrupt, Clash."
T-033,Cook,ClutchBoosterTitleSO,Boosts stats when HP below 25%. Value: 1.25.,ATK,Multiply,1.25,Epic,19,"Umbral, Clash","Fits Umbral, Clash."
T-034,Producer,ClutchBoosterTitleSO,Boosts stats when HP below 25%. Value: 1.3.,ATK,Multiply,1.3,Legendary,10,"Umbral, Wyrm","Fits Umbral, Wyrm."
T-035,Broker,DamageFilterTitleSO,Reduces incoming damage. Value: 0.95.,Damage,Multiply,0.95,Common,72,"Grass, Ground","Fits Grass, Ground."
T-036,Miner,DamageFilterTitleSO,Reduces incoming damage. Value: 0.9.,Damage,Multiply,0.9,Uncommon,55,"Ground, Alloy","Fits Ground, Alloy."
T-037,Planner,DamageFilterTitleSO,Reduces incoming damage. Value: 0.85.,Damage,Multiply,0.85,Rare,49,"Water, Alloy","Fits Water, Alloy."
T-038,Therapist,DamageFilterTitleSO,Reduces incoming damage. Value: 0.8.,Damage,Multiply,0.8,Epic,19,"Alloy, Grass","Fits Alloy, Grass."
T-039,Planner,DamageFilterTitleSO,Reduces incoming damage. Value: 0.75.,Damage,Multiply,0.75,Legendary,10,"Water, Grass","Fits Water, Grass."
T-040,Sailor,EffectivenessModTitleSO,Increases type effectiveness. Value: 1.05.,Effectiveness,Multiply,1.05,Common,72,"Clash, Fire","Fits Clash, Fire."
T-041,Operator,EffectivenessModTitleSO,Increases type effectiveness. Value: 1.1.,Effectiveness,Multiply,1.1,Uncommon,55,"Umbral, Fire","Fits Umbral, Fire."
T-042,Strategist,EffectivenessModTitleSO,Increases type effectiveness. Value: 1.15.,Effectiveness,Multiply,1.15,Rare,49,"Fire, Clash","Fits Fire, Clash."
T-043,Programmer,EffectivenessModTitleSO,Increases type effectiveness. Value: 1.2.,Effectiveness,Multiply,1.2,Epic,19,"Umbral, Fire","Fits Umbral, Fire."
T-044,Builder,EffectivenessModTitleSO,Increases type effectiveness. Value: 1.25.,Effectiveness,Multiply,1.25,Legendary,10,"Umbral, Corrupt","Fits Umbral, Corrupt."
T-045,Geologist,EffectivenessNullifyTitleSO,Reduces type weakness damage. Value: 0.9.,Effectiveness,Multiply,0.9,Common,72,"Grass, Ground","Fits Grass, Ground."
T-046,Dispatcher,EffectivenessNullifyTitleSO,Reduces type weakness damage. Value: 0.8.,Effectiveness,Multiply,0.8,Uncommon,55,"Alloy, Ground","Fits Alloy, Ground."
T-047,Blacksmith,EffectivenessNullifyTitleSO,Reduces type weakness damage. Value: 0.7.,Effectiveness,Multiply,0.7,Rare,49,"Water, Ground","Fits Water, Ground."
T-048,Pilot,EffectivenessNullifyTitleSO,Reduces type weakness damage. Value: 0.6.,Effectiveness,Multiply,0.6,Epic,19,"Rock, Ground","Fits Rock, Ground."
T-049,Coordinator,EffectivenessNullifyTitleSO,Reduces type weakness damage. Value: 0.5.,Effectiveness,Multiply,0.5,Legendary,10,"Ground, Rock","Fits Ground, Rock."
T-050,Researcher,EventStacksTitleSO,Gains stacking bonus when triggering events. Value: 3.,ATK,Per Stack,3,Common,72,"Clash, Corrupt","Fits Clash, Corrupt."
T-051,Broker,EventStacksTitleSO,Gains stacking bonus when triggering events. Value: 4.,ATK,Per Stack,4,Uncommon,55,"Fire, Corrupt","Fits Fire, Corrupt."
T-052,Architect,EventStacksTitleSO,Gains stacking bonus when triggering events. Value: 5.,ATK,Per Stack,5,Rare,49,"Corrupt, Clash","Fits Corrupt, Clash."
T-053,Electrician,EventStacksTitleSO,Gains stacking bonus when triggering events. Value: 6.,ATK,Per Stack,6,Epic,19,"Umbral, Fire","Fits Umbral, Fire."
T-054,Manager,EventStacksTitleSO,Gains stacking bonus when triggering events. Value: 7.,ATK,Per Stack,7,Legendary,10,"Corrupt, Clash","Fits Corrupt, Clash."
T-055,Mechanic,TurnBoosterTitleSO,Increases stat by % each turn. Value: 2.,ATK,Per Turn,2,Common,72,"Umbral, Wyrm","Fits Umbral, Wyrm."
T-056,Biologist,TurnBoosterTitleSO,Increases stat by % each turn. Value: 3.,ATK,Per Turn,3,Uncommon,55,"Clash, Wyrm","Fits Clash, Wyrm."
T-057,Driver,TurnBoosterTitleSO,Increases stat by % each turn. Value: 4.,ATK,Per Turn,4,Rare,49,"Umbral, Wyrm","Fits Umbral, Wyrm."
T-058,Auditor,TurnBoosterTitleSO,Increases stat by % each turn. Value: 5.,ATK,Per Turn,5,Epic,19,"Clash, Umbral","Fits Clash, Umbral."
T-059,Advisor,TurnBoosterTitleSO,Increases stat by % each turn. Value: 6.,ATK,Per Turn,6,Legendary,10,"Clash, Umbral","Fits Clash, Umbral."
T-060,Plumber,TypeResistTitleSO,Reduces damage from specific monster types. Value: 0.9.,Damage,Multiply,0.9,Common,72,"Rock, Ground","Fits Rock, Ground."
T-061,Scientist,TypeResistTitleSO,Reduces damage from specific monster types. Value: 0.85.,Damage,Multiply,0.85,Uncommon,55,"Rock, Alloy","Fits Rock, Alloy."
T-062,Welder,TypeResistTitleSO,Reduces damage from specific monster types. Value: 0.8.,Damage,Multiply,0.8,Rare,49,"Alloy, Water","Fits Alloy, Water."
T-063,Contractor,TypeResistTitleSO,Reduces damage from specific monster types. Value: 0.75.,Damage,Multiply,0.75,Epic,19,"Water, Grass","Fits Water, Grass."
T-064,Paramedic,TypeResistTitleSO,Reduces damage from specific monster types. Value: 0.7.,Damage,Multiply,0.7,Legendary,10,"Water, Rock","Fits Water, Rock."
T-065,Meteorologist,ConditionalJobRateBoosterTitleSO,Increases job production rate. Value: 1.1.,Job Rate,Multiply,1.1,Common,72,"Bug, Grass","Fits Bug, Grass."
T-066,Technician,ConditionalJobRateBoosterTitleSO,Increases job production rate. Value: 1.15.,Job Rate,Multiply,1.15,Uncommon,55,"Bug, Alloy","Fits Bug, Alloy."
T-067,Engineer,ConditionalJobRateBoosterTitleSO,Increases job production rate. Value: 1.2.,Job Rate,Multiply,1.2,Rare,49,"Alloy, Oracle","Fits Alloy, Oracle."
T-068,Detective,ConditionalJobRateBoosterTitleSO,Increases job production rate. Value: 1.25.,Job Rate,Multiply,1.25,Epic,19,"Alloy, Grass","Fits Alloy, Grass."
T-069,Banker,ConditionalJobRateBoosterTitleSO,Increases job production rate. Value: 1.3.,Job Rate,Multiply,1.3,Legendary,10,"Oracle, Grass","Fits Oracle, Grass."
T-070,Fabricator,JobAuraTitleSO,Boosts allies' job rate. Value: 1.05.,Job Rate (Allies),Multiply,1.05,Common,72,"Alloy, Grass","Fits Alloy, Grass."
T-071,Decorator,JobAuraTitleSO,Boosts allies' job rate. Value: 1.1.,Job Rate (Allies),Multiply,1.1,Uncommon,55,"Bug, Oracle","Fits Bug, Oracle."
T-072,Trainer,JobAuraTitleSO,Boosts allies' job rate. Value: 1.15.,Job Rate (Allies),Multiply,1.15,Rare,49,"Alloy, Grass","Fits Alloy, Grass."
T-073,Operator,JobAuraTitleSO,Boosts allies' job rate. Value: 1.2.,Job Rate (Allies),Multiply,1.2,Epic,19,"Bug, Grass","Fits Bug, Grass."
T-074,Architect,JobAuraTitleSO,Boosts allies' job rate. Value: 1.25.,Job Rate (Allies),Multiply,1.25,Legendary,10,"Grass, Bug","Fits Grass, Bug."
T-075,Chemist,JobCapacityBoosterTitleSO,Adds worker slots to job site. Value: 1.,Capacity,Add,1,Common,72,"Water, Grass","Fits Water, Grass."
T-076,Analyst,JobCapacityBoosterTitleSO,Adds worker slots to job site. Value: 1.,Capacity,Add,1,Uncommon,55,"Rock, Water","Fits Rock, Water."
T-077,Supervisor,JobCapacityBoosterTitleSO,Adds worker slots to job site. Value: 2.,Capacity,Add,2,Rare,49,"Grass, Rock","Fits Grass, Rock."
T-078,Technologist,JobCapacityBoosterTitleSO,Adds worker slots to job site. Value: 2.,Capacity,Add,2,Epic,19,"Alloy, Grass","Fits Alloy, Grass."
T-079,Librarian,JobCapacityBoosterTitleSO,Adds worker slots to job site. Value: 3.,Capacity,Add,3,Legendary,10,"Alloy, Grass","Fits Alloy, Grass."
T-080,Supervisor,JobFatigueBoosterTitleSO,Slows fatigue gain while working. Value: 0.95.,Fatigue Rate,Multiply,0.95,Common,72,"Oracle, Grass","Fits Oracle, Grass."
T-081,Firefighter,JobFatigueBoosterTitleSO,Slows fatigue gain while working. Value: 0.9.,Fatigue Rate,Multiply,0.9,Uncommon,55,"Alloy, Oracle","Fits Alloy, Oracle."
T-082,Biochemist,JobFatigueBoosterTitleSO,Slows fatigue gain while working. Value: 0.85.,Fatigue Rate,Multiply,0.85,Rare,49,"Grass, Bug","Fits Grass, Bug."
T-083,Planner,JobFatigueBoosterTitleSO,Slows fatigue gain while working. Value: 0.8.,Fatigue Rate,Multiply,0.8,Epic,19,"Oracle, Bug","Fits Oracle, Bug."
T-084,Machinist,JobFatigueBoosterTitleSO,Slows fatigue gain while working. Value: 0.75.,Fatigue Rate,Multiply,0.75,Legendary,10,"Grass, Bug","Fits Grass, Bug."
T-085,Planner,CoinBonusOnVictoryTitleSO,Increases coins after victory. Value: 1.1.,Coins,Multiply,1.1,Common,72,"Oracle, Bug","Fits Oracle, Bug."
T-086,Manager,CoinBonusOnVictoryTitleSO,Increases coins after victory. Value: 1.15.,Coins,Multiply,1.15,Uncommon,55,"Bug, Alloy","Fits Bug, Alloy."
T-087,Carpenter,CoinBonusOnVictoryTitleSO,Increases coins after victory. Value: 1.2.,Coins,Multiply,1.2,Rare,49,"Bug, Grass","Fits Bug, Grass."
T-088,Nurse,CoinBonusOnVictoryTitleSO,Increases coins after victory. Value: 1.25.,Coins,Multiply,1.25,Epic,19,"Alloy, Oracle","Fits Alloy, Oracle."
T-089,Consultant,CoinBonusOnVictoryTitleSO,Increases coins after victory. Value: 1.3.,Coins,Multiply,1.3,Legendary,10,"Oracle, Alloy","Fits Oracle, Alloy."
T-090,Teacher,GrowthCoreBonusOnVictoryTitleSO,Increases growth cores gained. Value: 1.1.,Growth Cores,Multiply,1.1,Common,72,"Oracle, Alloy","Fits Oracle, Alloy."
T-091,Scientist,GrowthCoreBonusOnVictoryTitleSO,Increases growth cores gained. Value: 1.15.,Growth Cores,Multiply,1.15,Uncommon,55,"Bug, Grass","Fits Bug, Grass."
T-092,Inspector,GrowthCoreBonusOnVictoryTitleSO,Increases growth cores gained. Value: 1.2.,Growth Cores,Multiply,1.2,Rare,49,"Bug, Alloy","Fits Bug, Alloy."
T-093,Farmer,GrowthCoreBonusOnVictoryTitleSO,Increases growth cores gained. Value: 1.25.,Growth Cores,Multiply,1.25,Epic,19,"Oracle, Alloy","Fits Oracle, Alloy."
T-094,Foreman,GrowthCoreBonusOnVictoryTitleSO,Increases growth cores gained. Value: 1.3.,Growth Cores,Multiply,1.3,Legendary,10,"Bug, Oracle","Fits Bug, Oracle."
T-115,Carpenter,StatBoosterTitleSO,Boosts ATK by 10%.,ATK,Multiply,1.1,Common,85,"Corrupt, Fire","Fits Corrupt, Fire."
T-116,Officer,StatBoosterTitleSO,Boosts ATK by 15%.,ATK,Multiply,1.15,Uncommon,59,"Corrupt, Fire","Fits Corrupt, Fire."
T-117,Senior Treasurer,StatBoosterTitleSO,Boosts ATK by 20%.,ATK,Multiply,1.2,Rare,48,"Fire, Umbral","Fits Fire, Umbral."
T-118,Lead Cook,StatBoosterTitleSO,Boosts ATK by 25%.,ATK,Multiply,1.25,Epic,20,"Clash, Fire","Fits Clash, Fire."
T-119,Plumber,StatBoosterTitleSO,Boosts ATK by 30%.,ATK,Multiply,1.3,Legendary,14,"Clash, Umbral","Fits Clash, Umbral."
T-120,Chief Controller,StatBoosterTitleSO,Boosts ATK by 10%.,ATK,Multiply,1.1,Common,86,"Corrupt, Fire","Fits Corrupt, Fire."
T-121,Safety Engineer,StatBoosterTitleSO,Boosts ATK by 15%.,ATK,Multiply,1.15,Uncommon,66,"Clash, Fire","Fits Clash, Fire."
T-122,Shift Photographer,StatBoosterTitleSO,Boosts ATK by 20%.,ATK,Multiply,1.2,Rare,32,"Fire, Umbral","Fits Fire, Umbral."
T-123,Supply Tailor,StatBoosterTitleSO,Boosts ATK by 25%.,ATK,Multiply,1.25,Epic,28,"Clash, Corrupt","Fits Clash, Corrupt."
T-124,Porter,StatBoosterTitleSO,Boosts ATK by 30%.,ATK,Multiply,1.3,Legendary,6,"Corrupt, Umbral","Fits Corrupt, Umbral."
T-125,Sailor,StatBoosterTitleSO,Boosts ATK by 10%.,ATK,Multiply,1.1,Common,89,"Fire, Umbral","Fits Fire, Umbral."
T-126,Safety Glazier,StatBoosterTitleSO,Boosts ATK by 15%.,ATK,Multiply,1.15,Uncommon,52,"Clash, Umbral","Fits Clash, Umbral."
T-127,Lead Welder,StatBoosterTitleSO,Boosts ATK by 20%.,ATK,Multiply,1.2,Rare,48,"Corrupt, Umbral","Fits Corrupt, Umbral."
T-128,Judge,StatBoosterTitleSO,Boosts ATK by 25%.,ATK,Multiply,1.25,Epic,18,"Fire, Umbral","Fits Fire, Umbral."
T-129,Surgeon,StatBoosterTitleSO,Boosts ATK by 30%.,ATK,Multiply,1.3,Legendary,9,"Clash, Fire","Fits Clash, Fire."
T-130,Chief Carver,StatBoosterTitleSO,Boosts ATK by 10%.,ATK,Multiply,1.1,Common,90,"Corrupt, Umbral","Fits Corrupt, Umbral."
T-131,Broker,StatBoosterTitleSO,Boosts ATK by 15%.,ATK,Multiply,1.15,Uncommon,60,"Clash, Fire","Fits Clash, Fire."
T-132,Steward,StatBoosterTitleSO,Boosts ATK by 20%.,ATK,Multiply,1.2,Rare,44,"Clash, Fire","Fits Clash, Fire."
T-133,Supply Dispatcher,StatBoosterTitleSO,Boosts ATK by 25%.,ATK,Multiply,1.25,Epic,23,"Corrupt, Umbral","Fits Corrupt, Umbral."
T-134,Training Treasurer,StatBoosterTitleSO,Boosts ATK by 30%.,ATK,Multiply,1.3,Legendary,9,"Clash, Corrupt","Fits Clash, Corrupt."
T-135,Resident Steward,StatBoosterTitleSO,Boosts ATK by 10%.,ATK,Multiply,1.1,Common,72,"Clash, Corrupt","Fits Clash, Corrupt."
T-136,Tailor,StatBoosterTitleSO,Boosts ATK by 15%.,ATK,Multiply,1.15,Uncommon,59,"Clash, Corrupt","Fits Clash, Corrupt."
T-137,Janitor,StatBoosterTitleSO,Boosts ATK by 20%.,ATK,Multiply,1.2,Rare,47,"Clash, Umbral","Fits Clash, Umbral."
T-138,Assistant Carver,DualStatBoosterTitleSO,Boosts ATK+DEF by 10%.,ATK+DEF,Multiply,1.1,Common,90,"Clash, Wyrm","Fits Clash, Wyrm."
T-139,Production Judge,DualStatBoosterTitleSO,Boosts ATK+DEF by 15%.,ATK+DEF,Multiply,1.15,Uncommon,67,"Clash, Umbral","Fits Clash, Umbral."
T-140,Bookkeeper,DualStatBoosterTitleSO,Boosts ATK+DEF by 20%.,ATK+DEF,Multiply,1.2,Rare,33,"Corrupt, Umbral","Fits Corrupt, Umbral."
T-141,Senior Receptionist,DualStatBoosterTitleSO,Boosts ATK+DEF by 25%.,ATK+DEF,Multiply,1.25,Epic,16,"Clash, Wyrm","Fits Clash, Wyrm."
T-142,Operations Cashier,DualStatBoosterTitleSO,Boosts ATK+DEF by 30%.,ATK+DEF,Multiply,1.3,Legendary,13,"Corrupt, Umbral","Fits Corrupt, Umbral."
T-143,Shift Accountant,DualStatBoosterTitleSO,Boosts ATK+DEF by 10%.,ATK+DEF,Multiply,1.1,Common,79,"Clash, Corrupt","Fits Clash, Corrupt."
T-144,Training Therapist,DualStatBoosterTitleSO,Boosts ATK+DEF by 15%.,ATK+DEF,Multiply,1.15,Uncommon,60,"Clash, Corrupt","Fits Clash, Corrupt."
T-145,Field Host,DualStatBoosterTitleSO,Boosts ATK+DEF by 20%.,ATK+DEF,Multiply,1.2,Rare,38,"Corrupt, Umbral","Fits Corrupt, Umbral."
T-146,Head Locksmith,DualStatBoosterTitleSO,Boosts ATK+DEF by 25%.,ATK+DEF,Multiply,1.25,Epic,29,"Umbral, Wyrm","Fits Umbral, Wyrm."
T-147,Nurse,DualStatBoosterTitleSO,Boosts ATK+DEF by 30%.,ATK+DEF,Multiply,1.3,Legendary,11,"Clash, Wyrm","Fits Clash, Wyrm."
T-148,Principal Plumber,DualStatBoosterTitleSO,Boosts ATK+DEF by 10%.,ATK+DEF,Multiply,1.1,Common,70,"Clash, Wyrm","Fits Clash, Wyrm."
T-149,Cook,DualStatBoosterTitleSO,Boosts ATK+DEF by 15%.,ATK+DEF,Multiply,1.15,Uncommon,58,"Clash, Corrupt","Fits Clash, Corrupt."
T-150,Treasurer,DualStatBoosterTitleSO,Boosts ATK+DEF by 20%.,ATK+DEF,Multiply,1.2,Rare,44,"Clash, Umbral","Fits Clash, Umbral."
T-151,Blacksmith,DualStatBoosterTitleSO,Boosts ATK+DEF by 25%.,ATK+DEF,Multiply,1.25,Epic,15,"Umbral, Wyrm","Fits Umbral, Wyrm."
T-152,Development Nurse,DualStatBoosterTitleSO,Boosts ATK+DEF by 30%.,ATK+DEF,Multiply,1.3,Legendary,7,"Corrupt, Wyrm","Fits Corrupt, Wyrm."
T-153,Quality Assembler,DualStatBoosterTitleSO,Boosts ATK+DEF by 10%.,ATK+DEF,Multiply,1.1,Common,88,"Corrupt, Umbral","Fits Corrupt, Umbral."
T-154,Regional Surveyor,ConditionalStatBoosterTitleSO,Boosts ATK by 10%.,ATK,Multiply,1.1,Common,74,"Corrupt, Wyrm","Fits Corrupt, Wyrm."
T-155,Support Surgeon,ConditionalStatBoosterTitleSO,Boosts ATK by 15%.,ATK,Multiply,1.15,Uncommon,61,"Corrupt, Wyrm","Fits Corrupt, Wyrm."
T-156,Pilot,ConditionalStatBoosterTitleSO,Boosts ATK by 20%.,ATK,Multiply,1.2,Rare,36,"Clash, Corrupt","Fits Clash, Corrupt."
T-157,Principal Illustrator,ConditionalStatBoosterTitleSO,Boosts ATK by 25%.,ATK,Multiply,1.25,Epic,16,"Clash, Umbral","Fits Clash, Umbral."
T-158,Chemist,ConditionalStatBoosterTitleSO,Boosts ATK by 30%.,ATK,Multiply,1.3,Legendary,11,"Corrupt, Wyrm","Fits Corrupt, Wyrm."
T-159,Associate Officer,ConditionalStatBoosterTitleSO,Boosts ATK by 10%.,ATK,Multiply,1.1,Common,75,"Corrupt, Umbral","Fits Corrupt, Umbral."
T-160,Head Scientist,ConditionalStatBoosterTitleSO,Boosts ATK by 15%.,ATK,Multiply,1.15,Uncommon,50,"Clash, Corrupt","Fits Clash, Corrupt."
T-161,Editor,ConditionalStatBoosterTitleSO,Boosts ATK by 20%.,ATK,Multiply,1.2,Rare,40,"Clash, Umbral","Fits Clash, Umbral."
T-162,Supply Consultant,ConditionalStatBoosterTitleSO,Boosts ATK by 25%.,ATK,Multiply,1.25,Epic,28,"Corrupt, Umbral","Fits Corrupt, Umbral."
T-163,Driver,ConditionalStatBoosterTitleSO,Boosts ATK by 30%.,ATK,Multiply,1.3,Legendary,7,"Corrupt, Wyrm","Fits Corrupt, Wyrm."
T-164,Plant Plumber,ConditionalStatBoosterTitleSO,Boosts ATK by 10%.,ATK,Multiply,1.1,Common,71,"Umbral, Wyrm","Fits Umbral, Wyrm."
T-165,Resident Dispatcher,ConditionalStatBoosterTitleSO,Boosts ATK by 15%.,ATK,Multiply,1.15,Uncommon,56,"Corrupt, Umbral","Fits Corrupt, Umbral."
T-166,Quality Pilot,ConditionalStatBoosterTitleSO,Boosts ATK by 20%.,ATK,Multiply,1.2,Rare,39,"Corrupt, Wyrm","Fits Corrupt, Wyrm."
T-167,Principal Chemist,ConditionalStatBoosterTitleSO,Boosts ATK by 25%.,ATK,Multiply,1.25,Epic,15,"Corrupt, Umbral","Fits Corrupt, Umbral."
T-168,Laboratory Smith,ConditionalStatBoosterTitleSO,Boosts ATK by 30%.,ATK,Multiply,1.3,Legendary,10,"Clash, Wyrm","Fits Clash, Wyrm."
T-169,Development Designer,ConditionalStatBoosterTitleSO,Boosts ATK by 10%.,ATK,Multiply,1.1,Common,78,"Clash, Umbral","Fits Clash, Umbral."
T-170,Smith,ConditionalDualStatBoosterTitleSO,Boosts ATK+SPD by 10%.,ATK+SPD,Multiply,1.1,Common,86,"Clash, Umbral","Fits Clash, Umbral."
T-171,National Commander,ConditionalDualStatBoosterTitleSO,Boosts ATK+SPD by 20%.,ATK+SPD,Multiply,1.2,Uncommon,67,"Clash, Wyrm","Fits Clash, Wyrm."
T-172,Corporate Contractor,ConditionalDualStatBoosterTitleSO,Boosts ATK+SPD by 30%.,ATK+SPD,Multiply,1.3,Rare,33,"Clash, Wyrm","Fits Clash, Wyrm."
T-173,Lead Assembler,ConditionalDualStatBoosterTitleSO,Boosts ATK+SPD by 45%.,ATK+SPD,Multiply,1.45,Epic,24,"Clash, Wyrm","Fits Clash, Wyrm."
T-174,Chief Guard,ConditionalDualStatBoosterTitleSO,Boosts ATK+SPD by 65%.,ATK+SPD,Multiply,1.65,Legendary,6,"Corrupt, Umbral","Fits Corrupt, Umbral."
T-175,Advisor,ConditionalDualStatBoosterTitleSO,Boosts ATK+SPD by 10%.,ATK+SPD,Multiply,1.1,Common,80,"Clash, Umbral","Fits Clash, Umbral."
T-176,National Therapist,ConditionalDualStatBoosterTitleSO,Boosts ATK+SPD by 20%.,ATK+SPD,Multiply,1.2,Uncommon,66,"Corrupt, Wyrm","Fits Corrupt, Wyrm."
T-177,Operations Dispatcher,ConditionalDualStatBoosterTitleSO,Boosts ATK+SPD by 30%.,ATK+SPD,Multiply,1.3,Rare,48,"Corrupt, Umbral","Fits Corrupt, Umbral."
T-178,Plant Accountant,ConditionalDualStatBoosterTitleSO,Boosts ATK+SPD by 45%.,ATK+SPD,Multiply,1.45,Epic,15,"Umbral, Wyrm","Fits Umbral, Wyrm."
T-179,Supply Barista,ConditionalDualStatBoosterTitleSO,Boosts ATK+SPD by 65%.,ATK+SPD,Multiply,1.65,Legendary,13,"Corrupt, Umbral","Fits Corrupt, Umbral."
T-180,Senior Pilot,ConditionalDualStatBoosterTitleSO,Boosts ATK+SPD by 10%.,ATK+SPD,Multiply,1.1,Common,83,"Clash, Wyrm","Fits Clash, Wyrm."
T-181,Staff Inspector,ConditionalDualStatBoosterTitleSO,Boosts ATK+SPD by 20%.,ATK+SPD,Multiply,1.2,Uncommon,60,"Clash, Umbral","Fits Clash, Umbral."
T-182,Corporate Lineman,BattleStartFlatTitleSO,Adds 10 atk at battle start.,ATK,Add,10,Common,73,"Clash, Umbral","Fits Clash, Umbral."
T-183,Logistics Biologist,BattleStartFlatTitleSO,Adds 15 atk at battle start.,ATK,Add,15,Uncommon,59,"Clash, Corrupt","Fits Clash, Corrupt."
T-184,Technician,BattleStartFlatTitleSO,Adds 20 atk at battle start.,ATK,Add,20,Rare,42,"Clash, Umbral","Fits Clash, Umbral."
T-185,Dispatcher,BattleStartFlatTitleSO,Adds 25 atk at battle start.,ATK,Add,25,Epic,17,"Clash, Corrupt","Fits Clash, Corrupt."
T-186,Clerk,BattleStartFlatTitleSO,Adds 30 atk at battle start.,ATK,Add,30,Legendary,11,"Corrupt, Umbral","Fits Corrupt, Umbral."
T-187,Principal Supervisor,BattleStartFlatTitleSO,Adds 10 atk at battle start.,ATK,Add,10,Common,88,"Corrupt, Umbral","Fits Corrupt, Umbral."
T-188,Fitter,BattleStartFlatTitleSO,Adds 15 atk at battle start.,ATK,Add,15,Uncommon,67,"Corrupt, Fire","Fits Corrupt, Fire."
T-189,Principal Designer,BattleStartFlatTitleSO,Adds 20 atk at battle start.,ATK,Add,20,Rare,39,"Clash, Corrupt","Fits Clash, Corrupt."
T-190,Accountant,BattleStartFlatTitleSO,Adds 25 atk at battle start.,ATK,Add,25,Epic,27,"Corrupt, Umbral","Fits Corrupt, Umbral."
T-191,Draftsman,BattleStartFlatTitleSO,Adds 30 atk at battle start.,ATK,Add,30,Legendary,12,"Clash, Umbral","Fits Clash, Umbral."
T-192,Field Clerk,BattleStartFlatTitleSO,Adds 10 atk at battle start.,ATK,Add,10,Common,76,"Clash, Umbral","Fits Clash, Umbral."
T-193,Workshop Modeler,BattleStartFlatTitleSO,Adds 15 atk at battle start.,ATK,Add,15,Uncommon,55,"Corrupt, Fire","Fits Corrupt, Fire."
T-194,Principal Therapist,BattleStartFlatTitleSO,Adds 20 atk at battle start.,ATK,Add,20,Rare,46,"Fire, Umbral","Fits Fire, Umbral."
T-195,Detective,BattleStartFlatTitleSO,Adds 25 atk at battle start.,ATK,Add,25,Epic,28,"Corrupt, Umbral","Fits Corrupt, Umbral."
T-196,Field Carver,BattleStartFlatTitleSO,Adds 30 atk at battle start.,ATK,Add,30,Legendary,9,"Corrupt, Fire","Fits Corrupt, Fire."
T-197,Safety Teacher,BattleStartFlatTitleSO,Adds 10 atk at battle start.,ATK,Add,10,Common,74,"Clash, Fire","Fits Clash, Fire."
T-198,National Glazier,BattleStartFlatTitleSO,Adds 15 atk at battle start.,ATK,Add,15,Uncommon,57,"Clash, Umbral","Fits Clash, Umbral."
T-199,Support Commander,BattleStartFlatTitleSO,Adds 20 atk at battle start.,ATK,Add,20,Rare,32,"Clash, Corrupt","Fits Clash, Corrupt."
T-200,Staff Paramedic,BattleStartFlatTitleSO,Adds 25 atk at battle start.,ATK,Add,25,Epic,29,"Corrupt, Umbral","Fits Corrupt, Umbral."
T-201,Lead Locksmith,BattleStartFlatTitleSO,Adds 30 atk at battle start.,ATK,Add,30,Legendary,11,"Clash, Corrupt","Fits Clash, Corrupt."
T-202,Head Doctor,BattleStartFlatTitleSO,Adds 10 atk at battle start.,ATK,Add,10,Common,77,"Corrupt, Umbral","Fits Corrupt, Umbral."
T-203,Controller,BattleStartFlatTitleSO,Adds 15 atk at battle start.,ATK,Add,15,Uncommon,50,"Corrupt, Fire","Fits Corrupt, Fire."
T-204,Decorator,BattleStartFlatTitleSO,Adds 20 atk at battle start.,ATK,Add,20,Rare,37,"Corrupt, Umbral","Fits Corrupt, Umbral."
T-205,Chief Porter,BattleStartShieldTitleSO,Grants 10% HP shield at battle start.,HP,Percent,10,Common,86,"Ground, Water","Fits Ground, Water."
T-206,Development Captain,BattleStartShieldTitleSO,Grants 15% HP shield at battle start.,HP,Percent,15,Uncommon,67,"Grass, Water","Fits Grass, Water."
T-207,Assistant Sailor,BattleStartShieldTitleSO,Grants 20% HP shield at battle start.,HP,Percent,20,Rare,44,"Grass, Ground","Fits Grass, Ground."
T-208,Training Lineman,BattleStartShieldTitleSO,Grants 25% HP shield at battle start.,HP,Percent,25,Epic,25,"Alloy, Rock","Fits Alloy, Rock."
T-209,Quality Carpenter,BattleStartShieldTitleSO,Grants 30% HP shield at battle start.,HP,Percent,30,Legendary,12,"Alloy, Ground","Fits Alloy, Ground."
T-210,Captain,BattleStartShieldTitleSO,Grants 10% HP shield at battle start.,HP,Percent,10,Common,87,"Grass, Ground","Fits Grass, Ground."
T-211,Operations Navigator,BattleStartShieldTitleSO,Grants 15% HP shield at battle start.,HP,Percent,15,Uncommon,65,"Ground, Rock","Fits Ground, Rock."
T-212,Assistant Grinder,BattleStartShieldTitleSO,Grants 20% HP shield at battle start.,HP,Percent,20,Rare,37,"Ground, Rock","Fits Ground, Rock."
T-213,Laboratory Miner,BattleStartShieldTitleSO,Grants 25% HP shield at battle start.,HP,Percent,25,Epic,25,"Grass, Rock","Fits Grass, Rock."
T-214,Paramedic,BattleStartShieldTitleSO,Grants 30% HP shield at battle start.,HP,Percent,30,Legendary,12,"Rock, Water","Fits Rock, Water."
T-215,Supply Steward,BattleStartShieldTitleSO,Grants 10% HP shield at battle start.,HP,Percent,10,Common,77,"Alloy, Rock","Fits Alloy, Rock."
T-216,National Judge,BattleStartShieldTitleSO,Grants 15% HP shield at battle start.,HP,Percent,15,Uncommon,60,"Alloy, Water","Fits Alloy, Water."
T-217,Butcher,BattleStartShieldTitleSO,Grants 20% HP shield at battle start.,HP,Percent,20,Rare,34,"Alloy, Grass","Fits Alloy, Grass."
T-218,Production Decorator,BattleStartShieldTitleSO,Grants 25% HP shield at battle start.,HP,Percent,25,Epic,21,"Alloy, Grass","Fits Alloy, Grass."
T-219,Laboratory Attendant,BattleStartShieldTitleSO,Grants 30% HP shield at battle start.,HP,Percent,30,Legendary,6,"Alloy, Ground","Fits Alloy, Ground."
T-220,Modeler,BattleStartShieldTitleSO,Grants 10% HP shield at battle start.,HP,Percent,10,Common,80,"Alloy, Ground","Fits Alloy, Ground."
T-221,Junior Photographer,BattleStartShieldTitleSO,Grants 15% HP shield at battle start.,HP,Percent,15,Uncommon,63,"Grass, Water","Fits Grass, Water."
T-222,Development Grinder,BattleStartShieldTitleSO,Grants 20% HP shield at battle start.,HP,Percent,20,Rare,43,"Ground, Water","Fits Ground, Water."
T-223,Navigator,BattleStartShieldTitleSO,Grants 25% HP shield at battle start.,HP,Percent,25,Epic,28,"Alloy, Ground","Fits Alloy, Ground."
T-224,Quality Baker,ClutchBoosterTitleSO,Boosts ATK by 10%.,ATK,Multiply,1.1,Common,85,"Corrupt, Wyrm","Fits Corrupt, Wyrm."
T-225,Safety Captain,ClutchBoosterTitleSO,Boosts ATK by 20%.,ATK,Multiply,1.2,Uncommon,59,"Corrupt, Umbral","Fits Corrupt, Umbral."
T-226,Senior Host,ClutchBoosterTitleSO,Boosts ATK by 30%.,ATK,Multiply,1.3,Rare,47,"Corrupt, Umbral","Fits Corrupt, Umbral."
T-227,Control Modeler,ClutchBoosterTitleSO,Boosts ATK by 45%.,ATK,Multiply,1.45,Epic,18,"Clash, Corrupt","Fits Clash, Corrupt."
T-228,Control Smith,ClutchBoosterTitleSO,Boosts ATK by 65%.,ATK,Multiply,1.65,Legendary,12,"Corrupt, Wyrm","Fits Corrupt, Wyrm."
T-229,Quality Chemist,ClutchBoosterTitleSO,Boosts ATK by 10%.,ATK,Multiply,1.1,Common,80,"Clash, Umbral","Fits Clash, Umbral."
T-230,Development Bookkeeper,ClutchBoosterTitleSO,Boosts ATK by 20%.,ATK,Multiply,1.2,Uncommon,55,"Umbral, Wyrm","Fits Umbral, Wyrm."
T-231,Head Electrician,ClutchBoosterTitleSO,Boosts ATK by 30%.,ATK,Multiply,1.3,Rare,49,"Corrupt, Wyrm","Fits Corrupt, Wyrm."
T-232,Resident Glazier,ClutchBoosterTitleSO,Boosts ATK by 45%.,ATK,Multiply,1.45,Epic,24,"Umbral, Wyrm","Fits Umbral, Wyrm."
T-233,Engineer,ClutchBoosterTitleSO,Boosts ATK by 65%.,ATK,Multiply,1.65,Legendary,11,"Corrupt, Umbral","Fits Corrupt, Umbral."
T-234,Lead Electrician,DamageFilterTitleSO,Reduces incoming damage by 5% vs listed types.,Damage,Multiply,0.95,Common,75,"Rock, Water","Fits Rock, Water."
T-235,Maintenance Artisan,DamageFilterTitleSO,Reduces incoming damage by 10% vs listed types.,Damage,Multiply,0.9,Uncommon,62,"Grass, Rock","Fits Grass, Rock."
T-236,Illustrator,DamageFilterTitleSO,Reduces incoming damage by 15% vs listed types.,Damage,Multiply,0.85,Rare,44,"Alloy, Rock","Fits Alloy, Rock."
T-237,Contractor,DamageFilterTitleSO,Reduces incoming damage by 20% vs listed types.,Damage,Multiply,0.8,Epic,27,"Ground, Rock","Fits Ground, Rock."
T-238,Development Botanist,DamageFilterTitleSO,Reduces incoming damage by 25% vs listed types.,Damage,Multiply,0.75,Legendary,11,"Rock, Water","Fits Rock, Water."
T-239,Principal Carpenter,DamageFilterTitleSO,Reduces incoming damage by 5% vs listed types.,Damage,Multiply,0.95,Common,85,"Alloy, Water","Fits Alloy, Water."
T-240,Plant Editor,DamageFilterTitleSO,Reduces incoming damage by 10% vs listed types.,Damage,Multiply,0.9,Uncommon,61,"Grass, Water","Fits Grass, Water."
T-241,Principal Janitor,DamageFilterTitleSO,Reduces incoming damage by 15% vs listed types.,Damage,Multiply,0.85,Rare,31,"Grass, Water","Fits Grass, Water."
T-242,Principal Weaver,DamageFilterTitleSO,Reduces incoming damage by 20% vs listed types.,Damage,Multiply,0.8,Epic,18,"Grass, Water","Fits Grass, Water."
T-243,Miner,DamageFilterTitleSO,Reduces incoming damage by 25% vs listed types.,Damage,Multiply,0.75,Legendary,8,"Grass, Ground","Fits Grass, Ground."
T-244,Farmer,DamageFilterTitleSO,Reduces incoming damage by 5% vs listed types.,Damage,Multiply,0.95,Common,73,"Alloy, Grass","Fits Alloy, Grass."
T-245,Teacher,DamageFilterTitleSO,Reduces incoming damage by 10% vs listed types.,Damage,Multiply,0.9,Uncommon,64,"Alloy, Rock","Fits Alloy, Rock."
T-246,Support Surveyor,DamageFilterTitleSO,Reduces incoming damage by 15% vs listed types.,Damage,Multiply,0.85,Rare,35,"Alloy, Water","Fits Alloy, Water."
T-247,Principal Paramedic,DamageFilterTitleSO,Reduces incoming damage by 20% vs listed types.,Damage,Multiply,0.8,Epic,27,"Grass, Rock","Fits Grass, Rock."
T-248,Botanist,EffectivenessModTitleSO,Increases type effectiveness by 10%.,Effectiveness,Multiply,1.1,Common,73,"Corrupt, Fire","Fits Corrupt, Fire."
T-249,Guard,EffectivenessModTitleSO,Increases type effectiveness by 20%.,Effectiveness,Multiply,1.2,Uncommon,68,"Clash, Corrupt","Fits Clash, Corrupt."
T-250,Shift Manager,EffectivenessModTitleSO,Increases type effectiveness by 30%.,Effectiveness,Multiply,1.3,Rare,36,"Fire, Umbral","Fits Fire, Umbral."
T-251,Regional Butcher,EffectivenessModTitleSO,Increases type effectiveness by 45%.,Effectiveness,Multiply,1.45,Epic,26,"Corrupt, Fire","Fits Corrupt, Fire."
T-252,Mechanic,EffectivenessModTitleSO,Increases type effectiveness by 65%.,Effectiveness,Multiply,1.65,Legendary,9,"Fire, Umbral","Fits Fire, Umbral."
T-253,Control Pilot,EffectivenessModTitleSO,Increases type effectiveness by 10%.,Effectiveness,Multiply,1.1,Common,71,"Clash, Umbral","Fits Clash, Umbral."
T-254,Seamstress,EffectivenessModTitleSO,Increases type effectiveness by 20%.,Effectiveness,Multiply,1.2,Uncommon,63,"Fire, Umbral","Fits Fire, Umbral."
T-255,Consultant,EffectivenessModTitleSO,Increases type effectiveness by 30%.,Effectiveness,Multiply,1.3,Rare,46,"Fire, Umbral","Fits Fire, Umbral."
T-256,Senior Bookkeeper,EffectivenessModTitleSO,Increases type effectiveness by 45%.,Effectiveness,Multiply,1.45,Epic,28,"Clash, Corrupt","Fits Clash, Corrupt."
T-257,Researcher,EffectivenessModTitleSO,Increases type effectiveness by 65%.,Effectiveness,Multiply,1.65,Legendary,6,"Clash, Corrupt","Fits Clash, Corrupt."
T-258,Surveyor,EffectivenessModTitleSO,Increases type effectiveness by 10%.,Effectiveness,Multiply,1.1,Common,90,"Clash, Umbral","Fits Clash, Umbral."
T-259,Development Programmer,EffectivenessModTitleSO,Increases type effectiveness by 20%.,Effectiveness,Multiply,1.2,Uncommon,54,"Clash, Fire","Fits Clash, Fire."
T-260,Junior Electrician,EffectivenessNullifyTitleSO,Reduces type weakness damage by 5%.,Effectiveness,Multiply,0.95,Common,86,"Ground, Rock","Fits Ground, Rock."
T-261,Lead Tailor,EffectivenessNullifyTitleSO,Reduces type weakness damage by 10%.,Effectiveness,Multiply,0.9,Uncommon,64,"Ground, Rock","Fits Ground, Rock."
T-262,Shift Farmer,EffectivenessNullifyTitleSO,Reduces type weakness damage by 20%.,Effectiveness,Multiply,0.8,Rare,40,"Grass, Water","Fits Grass, Water."
T-263,Staff Designer,EffectivenessNullifyTitleSO,Reduces type weakness damage by 35%.,Effectiveness,Multiply,0.65,Epic,19,"Grass, Ground","Fits Grass, Ground."
T-264,Assistant Concierge,EffectivenessNullifyTitleSO,Reduces type weakness damage by 55%.,Effectiveness,Multiply,0.45,Legendary,12,"Alloy, Ground","Fits Alloy, Ground."
T-265,Quality Analyst,EffectivenessNullifyTitleSO,Reduces type weakness damage by 5%.,Effectiveness,Multiply,0.95,Common,80,"Ground, Water","Fits Ground, Water."
T-266,Laboratory Navigator,EffectivenessNullifyTitleSO,Reduces type weakness damage by 10%.,Effectiveness,Multiply,0.9,Uncommon,60,"Grass, Ground","Fits Grass, Ground."
T-267,Planner,EffectivenessNullifyTitleSO,Reduces type weakness damage by 20%.,Effectiveness,Multiply,0.8,Rare,36,"Alloy, Rock","Fits Alloy, Rock."
T-268,Lead Researcher,EventStacksTitleSO,Gains +3% ATK per stack.,ATK,Per Stack,3,Common,80,"Clash, Umbral","Fits Clash, Umbral."
T-269,Logistics Steward,EventStacksTitleSO,Gains +4% ATK per stack.,ATK,Per Stack,4,Uncommon,58,"Fire, Umbral","Fits Fire, Umbral."
T-270,Commander,EventStacksTitleSO,Gains +5% ATK per stack.,ATK,Per Stack,5,Rare,36,"Clash, Fire","Fits Clash, Fire."
T-271,Support Officer,EventStacksTitleSO,Gains +6% ATK per stack.,ATK,Per Stack,6,Epic,26,"Clash, Corrupt","Fits Clash, Corrupt."
T-272,Cashier,EventStacksTitleSO,Gains +7% ATK per stack.,ATK,Per Stack,7,Legendary,13,"Corrupt, Umbral","Fits Corrupt, Umbral."
T-273,Junior Sommelier,EventStacksTitleSO,Gains +3% ATK per stack.,ATK,Per Stack,3,Common,85,"Clash, Corrupt","Fits Clash, Corrupt."
T-274,Field Scientist,EventStacksTitleSO,Gains +4% ATK per stack.,ATK,Per Stack,4,Uncommon,50,"Corrupt, Fire","Fits Corrupt, Fire."
T-275,Electrician,EventStacksTitleSO,Gains +5% ATK per stack.,ATK,Per Stack,5,Rare,37,"Clash, Umbral","Fits Clash, Umbral."
T-276,Foreman,EventStacksTitleSO,Gains +6% ATK per stack.,ATK,Per Stack,6,Epic,18,"Clash, Umbral","Fits Clash, Umbral."
T-277,Assistant Plumber,EventStacksTitleSO,Gains +7% ATK per stack.,ATK,Per Stack,7,Legendary,14,"Corrupt, Umbral","Fits Corrupt, Umbral."
T-278,Mason,EventStacksTitleSO,Gains +3% ATK per stack.,ATK,Per Stack,3,Common,87,"Corrupt, Umbral","Fits Corrupt, Umbral."
T-279,Staff Welder,EventStacksTitleSO,Gains +4% ATK per stack.,ATK,Per Stack,4,Uncommon,67,"Corrupt, Umbral","Fits Corrupt, Umbral."
T-280,Architect,EventStacksTitleSO,Gains +5% ATK per stack.,ATK,Per Stack,5,Rare,44,"Corrupt, Umbral","Fits Corrupt, Umbral."
T-281,Training Nurse,EventStacksTitleSO,Gains +6% ATK per stack.,ATK,Per Stack,6,Epic,19,"Corrupt, Fire","Fits Corrupt, Fire."
T-282,Firefighter,TurnBoosterTitleSO,Gains +2% ATK each turn.,ATK,Per Turn,2,Common,76,"Clash, Wyrm","Fits Clash, Wyrm."
T-283,Logistics Researcher,TurnBoosterTitleSO,Gains +3% ATK each turn.,ATK,Per Turn,3,Uncommon,67,"Corrupt, Wyrm","Fits Corrupt, Wyrm."
T-284,Maintenance Analyst,TurnBoosterTitleSO,Gains +4% ATK each turn.,ATK,Per Turn,4,Rare,36,"Corrupt, Umbral","Fits Corrupt, Umbral."
T-285,Roofer,TurnBoosterTitleSO,Gains +5% ATK each turn.,ATK,Per Turn,5,Epic,26,"Clash, Wyrm","Fits Clash, Wyrm."
T-286,Workshop Commander,TurnBoosterTitleSO,Gains +6% ATK each turn.,ATK,Per Turn,6,Legendary,8,"Clash, Wyrm","Fits Clash, Wyrm."
T-287,Doctor,TurnBoosterTitleSO,Gains +2% ATK each turn.,ATK,Per Turn,2,Common,81,"Corrupt, Umbral","Fits Corrupt, Umbral."
T-288,Host,TurnBoosterTitleSO,Gains +3% ATK each turn.,ATK,Per Turn,3,Uncommon,50,"Corrupt, Umbral","Fits Corrupt, Umbral."
T-289,Receptionist,TurnBoosterTitleSO,Gains +4% ATK each turn.,ATK,Per Turn,4,Rare,31,"Clash, Wyrm","Fits Clash, Wyrm."
T-290,Glazier,TurnBoosterTitleSO,Gains +5% ATK each turn.,ATK,Per Turn,5,Epic,19,"Clash, Corrupt","Fits Clash, Corrupt."
T-291,Grinder,TurnBoosterTitleSO,Gains +6% ATK each turn.,ATK,Per Turn,6,Legendary,12,"Umbral, Wyrm","Fits Umbral, Wyrm."
T-292,Artisan,TurnBoosterTitleSO,Gains +2% ATK each turn.,ATK,Per Turn,2,Common,88,"Clash, Corrupt","Fits Clash, Corrupt."
T-293,Builder,TurnBoosterTitleSO,Gains +3% ATK each turn.,ATK,Per Turn,3,Uncommon,65,"Corrupt, Umbral","Fits Corrupt, Umbral."
T-294,Control Locksmith,TurnBoosterTitleSO,Gains +4% ATK each turn.,ATK,Per Turn,4,Rare,35,"Corrupt, Wyrm","Fits Corrupt, Wyrm."
T-295,Principal Biologist,TurnBoosterTitleSO,Gains +5% ATK each turn.,ATK,Per Turn,5,Epic,28,"Umbral, Wyrm","Fits Umbral, Wyrm."
T-296,Workshop Machinist,TurnBoosterTitleSO,Gains +6% ATK each turn.,ATK,Per Turn,6,Legendary,6,"Corrupt, Umbral","Fits Corrupt, Umbral."
T-297,Caretaker,TurnBoosterTitleSO,Gains +2% ATK each turn.,ATK,Per Turn,2,Common,72,"Umbral, Wyrm","Fits Umbral, Wyrm."
T-298,Plant Welder,TurnBoosterTitleSO,Gains +3% ATK each turn.,ATK,Per Turn,3,Uncommon,54,"Clash, Wyrm","Fits Clash, Wyrm."
T-299,Associate Draftsman,TurnBoosterTitleSO,Gains +4% ATK each turn.,ATK,Per Turn,4,Rare,37,"Clash, Wyrm","Fits Clash, Wyrm."
T-300,Quality Broker,TypeResistTitleSO,Reduces incoming damage by 5% vs listed types.,Damage,Multiply,0.95,Common,83,"Alloy, Grass","Fits Alloy, Grass."
T-301,Corporate Builder,TypeResistTitleSO,Reduces incoming damage by 10% vs listed types.,Damage,Multiply,0.9,Uncommon,66,"Alloy, Ground","Fits Alloy, Ground."
T-302,Research Locksmith,TypeResistTitleSO,Reduces incoming damage by 15% vs listed types.,Damage,Multiply,0.85,Rare,44,"Ground, Rock","Fits Ground, Rock."
T-303,Principal Painter,TypeResistTitleSO,Reduces incoming damage by 20% vs listed types.,Damage,Multiply,0.8,Epic,19,"Alloy, Water","Fits Alloy, Water."
T-304,Laboratory Architect,TypeResistTitleSO,Reduces incoming damage by 25% vs listed types.,Damage,Multiply,0.75,Legendary,14,"Grass, Water","Fits Grass, Water."
T-305,Welder,TypeResistTitleSO,Reduces incoming damage by 5% vs listed types.,Damage,Multiply,0.95,Common,90,"Grass, Rock","Fits Grass, Rock."
T-306,Control Judge,TypeResistTitleSO,Reduces incoming damage by 10% vs listed types.,Damage,Multiply,0.9,Uncommon,52,"Alloy, Grass","Fits Alloy, Grass."
T-307,Programmer,TypeResistTitleSO,Reduces incoming damage by 15% vs listed types.,Damage,Multiply,0.85,Rare,35,"Alloy, Water","Fits Alloy, Water."
T-308,Attendant,TypeResistTitleSO,Reduces incoming damage by 20% vs listed types.,Damage,Multiply,0.8,Epic,17,"Ground, Water","Fits Ground, Water."
T-309,Chief Blacksmith,TypeResistTitleSO,Reduces incoming damage by 25% vs listed types.,Damage,Multiply,0.75,Legendary,12,"Alloy, Ground","Fits Alloy, Ground."
T-310,Potter,TypeResistTitleSO,Reduces incoming damage by 5% vs listed types.,Damage,Multiply,0.95,Common,79,"Grass, Water","Fits Grass, Water."
T-311,Associate Detective,TypeResistTitleSO,Reduces incoming damage by 10% vs listed types.,Damage,Multiply,0.9,Uncommon,59,"Ground, Rock","Fits Ground, Rock."
T-312,Assistant Driver,TypeResistTitleSO,Reduces incoming damage by 15% vs listed types.,Damage,Multiply,0.85,Rare,32,"Grass, Rock","Fits Grass, Rock."
T-313,Regional Paramedic,TypeResistTitleSO,Reduces incoming damage by 20% vs listed types.,Damage,Multiply,0.8,Epic,27,"Alloy, Grass","Fits Alloy, Grass."
T-314,Associate Fabricator,ConditionalJobRateBoosterTitleSO,Increases job rate by 10%.,Job Rate,Multiply,1.1,Common,83,"Alloy, Grass","Fits Alloy, Grass."
T-315,Lead Firefighter,ConditionalJobRateBoosterTitleSO,Increases job rate by 15%.,Job Rate,Multiply,1.15,Uncommon,57,"Bug, Oracle","Fits Bug, Oracle."
T-316,Machinist,ConditionalJobRateBoosterTitleSO,Increases job rate by 20%.,Job Rate,Multiply,1.2,Rare,34,"Grass, Oracle","Fits Grass, Oracle."
T-317,Operations Porter,ConditionalJobRateBoosterTitleSO,Increases job rate by 25%.,Job Rate,Multiply,1.25,Epic,17,"Alloy, Oracle","Fits Alloy, Oracle."
T-318,Maintenance Weaver,ConditionalJobRateBoosterTitleSO,Increases job rate by 30%.,Job Rate,Multiply,1.3,Legendary,14,"Alloy, Bug","Fits Alloy, Bug."
T-319,Concierge,ConditionalJobRateBoosterTitleSO,Increases job rate by 10%.,Job Rate,Multiply,1.1,Common,73,"Alloy, Oracle","Fits Alloy, Oracle."
T-320,Regional Pilot,ConditionalJobRateBoosterTitleSO,Increases job rate by 15%.,Job Rate,Multiply,1.15,Uncommon,59,"Bug, Oracle","Fits Bug, Oracle."
T-321,Weaver,ConditionalJobRateBoosterTitleSO,Increases job rate by 20%.,Job Rate,Multiply,1.2,Rare,46,"Bug, Oracle","Fits Bug, Oracle."
T-322,Lineman,ConditionalJobRateBoosterTitleSO,Increases job rate by 25%.,Job Rate,Multiply,1.25,Epic,16,"Bug, Grass","Fits Bug, Grass."
T-323,Logistics Receptionist,ConditionalJobRateBoosterTitleSO,Increases job rate by 30%.,Job Rate,Multiply,1.3,Legendary,10,"Alloy, Grass","Fits Alloy, Grass."
T-324,Workshop Mechanic,ConditionalJobRateBoosterTitleSO,Increases job rate by 10%.,Job Rate,Multiply,1.1,Common,72,"Alloy, Bug","Fits Alloy, Bug."
T-325,Laboratory Caretaker,ConditionalJobRateBoosterTitleSO,Increases job rate by 15%.,Job Rate,Multiply,1.15,Uncommon,68,"Alloy, Grass","Fits Alloy, Grass."
T-326,Workshop Guard,JobAuraTitleSO,Increases job rate by 10%.,Job Rate (Allies),Multiply,1.1,Common,78,"Grass, Oracle","Fits Grass, Oracle."
T-327,Shift Pilot,JobAuraTitleSO,Increases job rate by 15%.,Job Rate (Allies),Multiply,1.15,Uncommon,65,"Bug, Oracle","Fits Bug, Oracle."
T-328,Photographer,JobAuraTitleSO,Increases job rate by 20%.,Job Rate (Allies),Multiply,1.2,Rare,35,"Alloy, Oracle","Fits Alloy, Oracle."
T-329,Analyst,JobAuraTitleSO,Increases job rate by 25%.,Job Rate (Allies),Multiply,1.25,Epic,28,"Grass, Oracle","Fits Grass, Oracle."
T-330,Resident Strategist,JobAuraTitleSO,Increases job rate by 30%.,Job Rate (Allies),Multiply,1.3,Legendary,12,"Alloy, Bug","Fits Alloy, Bug."
T-331,Baker,JobAuraTitleSO,Increases job rate by 10%.,Job Rate (Allies),Multiply,1.1,Common,80,"Alloy, Oracle","Fits Alloy, Oracle."
T-332,Workshop Surveyor,JobAuraTitleSO,Increases job rate by 15%.,Job Rate (Allies),Multiply,1.15,Uncommon,53,"Bug, Oracle","Fits Bug, Oracle."
T-333,Maintenance Firefighter,JobAuraTitleSO,Increases job rate by 20%.,Job Rate (Allies),Multiply,1.2,Rare,43,"Bug, Oracle","Fits Bug, Oracle."
T-334,Principal Botanist,JobAuraTitleSO,Increases job rate by 25%.,Job Rate (Allies),Multiply,1.25,Epic,25,"Alloy, Oracle","Fits Alloy, Oracle."
T-335,Operations Treasurer,JobAuraTitleSO,Increases job rate by 30%.,Job Rate (Allies),Multiply,1.3,Legendary,5,"Grass, Oracle","Fits Grass, Oracle."
T-336,Research Concierge,JobAuraTitleSO,Increases job rate by 10%.,Job Rate (Allies),Multiply,1.1,Common,80,"Alloy, Bug","Fits Alloy, Bug."
T-337,Painter,JobAuraTitleSO,Increases job rate by 15%.,Job Rate (Allies),Multiply,1.15,Uncommon,53,"Alloy, Oracle","Fits Alloy, Oracle."
T-338,Junior Guard,JobAuraTitleSO,Increases job rate by 20%.,Job Rate (Allies),Multiply,1.2,Rare,30,"Bug, Oracle","Fits Bug, Oracle."
T-339,Barista,JobAuraTitleSO,Increases job rate by 25%.,Job Rate (Allies),Multiply,1.25,Epic,15,"Alloy, Bug","Fits Alloy, Bug."
T-340,Research Fabricator,JobAuraTitleSO,Increases job rate by 30%.,Job Rate (Allies),Multiply,1.3,Legendary,10,"Alloy, Oracle","Fits Alloy, Oracle."
T-341,Inspector,JobAuraTitleSO,Increases job rate by 10%.,Job Rate (Allies),Multiply,1.1,Common,84,"Grass, Oracle","Fits Grass, Oracle."
T-342,Head Surgeon,JobAuraTitleSO,Increases job rate by 15%.,Job Rate (Allies),Multiply,1.15,Uncommon,58,"Bug, Oracle","Fits Bug, Oracle."
T-343,Regional Sommelier,JobAuraTitleSO,Increases job rate by 20%.,Job Rate (Allies),Multiply,1.2,Rare,44,"Grass, Oracle","Fits Grass, Oracle."
T-344,Associate Foreman,JobAuraTitleSO,Increases job rate by 25%.,Job Rate (Allies),Multiply,1.25,Epic,15,"Alloy, Bug","Fits Alloy, Bug."
T-345,Junior Dispatcher,JobAuraTitleSO,Increases job rate by 30%.,Job Rate (Allies),Multiply,1.3,Legendary,7,"Alloy, Oracle","Fits Alloy, Oracle."
T-346,Assistant Carpenter,JobCapacityBoosterTitleSO,Adds 1 capacity at battle start.,Capacity,Add,1,Common,70,"Alloy, Ground","Fits Alloy, Ground."
T-347,Chief Concierge,JobCapacityBoosterTitleSO,Adds 2 capacity at battle start.,Capacity,Add,2,Uncommon,52,"Grass, Water","Fits Grass, Water."
T-348,Associate Weaver,JobCapacityBoosterTitleSO,Adds 3 capacity at battle start.,Capacity,Add,3,Rare,44,"Grass, Water","Fits Grass, Water."
T-349,National Porter,JobCapacityBoosterTitleSO,Adds 4 capacity at battle start.,Capacity,Add,4,Epic,22,"Alloy, Rock","Fits Alloy, Rock."
T-350,Laboratory Dispatcher,JobCapacityBoosterTitleSO,Adds 5 capacity at battle start.,Capacity,Add,5,Legendary,11,"Alloy, Ground","Fits Alloy, Ground."
T-351,Staff Planner,JobCapacityBoosterTitleSO,Adds 1 capacity at battle start.,Capacity,Add,1,Common,77,"Grass, Ground","Fits Grass, Ground."
T-352,Maintenance Therapist,JobCapacityBoosterTitleSO,Adds 2 capacity at battle start.,Capacity,Add,2,Uncommon,62,"Alloy, Grass","Fits Alloy, Grass."
T-353,Chief Officer,JobCapacityBoosterTitleSO,Adds 3 capacity at battle start.,Capacity,Add,3,Rare,32,"Ground, Rock","Fits Ground, Rock."
T-354,Scientist,JobFatigueBoosterTitleSO,Reduces job fatigue gain by -10%.,Fatigue Rate,Multiply,1.1,Common,80,"Alloy, Grass","Fits Alloy, Grass."
T-355,Quality Designer,JobFatigueBoosterTitleSO,Reduces job fatigue gain by -15%.,Fatigue Rate,Multiply,1.15,Uncommon,59,"Alloy, Oracle","Fits Alloy, Oracle."
T-356,Lead Guard,JobFatigueBoosterTitleSO,Reduces job fatigue gain by -20%.,Fatigue Rate,Multiply,1.2,Rare,48,"Grass, Oracle","Fits Grass, Oracle."
T-357,Logistics Miner,JobFatigueBoosterTitleSO,Reduces job fatigue gain by -25%.,Fatigue Rate,Multiply,1.25,Epic,22,"Bug, Oracle","Fits Bug, Oracle."
T-358,Supply Surveyor,JobFatigueBoosterTitleSO,Reduces job fatigue gain by -30%.,Fatigue Rate,Multiply,1.3,Legendary,10,"Bug, Oracle","Fits Bug, Oracle."
T-359,Corporate Janitor,JobFatigueBoosterTitleSO,Reduces job fatigue gain by -10%.,Fatigue Rate,Multiply,1.1,Common,80,"Alloy, Bug","Fits Alloy, Bug."
T-360,Supervisor,JobFatigueBoosterTitleSO,Reduces job fatigue gain by -15%.,Fatigue Rate,Multiply,1.15,Uncommon,57,"Grass, Oracle","Fits Grass, Oracle."
T-361,Sommelier,JobFatigueBoosterTitleSO,Reduces job fatigue gain by -20%.,Fatigue Rate,Multiply,1.2,Rare,43,"Bug, Grass","Fits Bug, Grass."
T-362,Chief Steward,JobFatigueBoosterTitleSO,Reduces job fatigue gain by -25%.,Fatigue Rate,Multiply,1.25,Epic,26,"Alloy, Oracle","Fits Alloy, Oracle."
T-363,Control Glazier,JobFatigueBoosterTitleSO,Reduces job fatigue gain by -30%.,Fatigue Rate,Multiply,1.3,Legendary,11,"Alloy, Oracle","Fits Alloy, Oracle."
T-364,Regional Grinder,JobFatigueBoosterTitleSO,Reduces job fatigue gain by -10%.,Fatigue Rate,Multiply,1.1,Common,90,"Bug, Oracle","Fits Bug, Oracle."
T-365,Lead Botanist,JobFatigueBoosterTitleSO,Reduces job fatigue gain by -15%.,Fatigue Rate,Multiply,1.15,Uncommon,51,"Alloy, Bug","Fits Alloy, Bug."
T-366,Development Welder,JobFatigueBoosterTitleSO,Reduces job fatigue gain by -20%.,Fatigue Rate,Multiply,1.2,Rare,48,"Alloy, Grass","Fits Alloy, Grass."
T-367,Research Welder,JobFatigueBoosterTitleSO,Reduces job fatigue gain by -25%.,Fatigue Rate,Multiply,1.25,Epic,28,"Grass, Oracle","Fits Grass, Oracle."
T-368,Resident Technician,CoinBonusOnVictoryTitleSO,Increases coin gains by 10%.,Coins,Multiply,1.1,Common,86,"Grass, Oracle","Fits Grass, Oracle."
T-369,Control Researcher,CoinBonusOnVictoryTitleSO,Increases coin gains by 15%.,Coins,Multiply,1.15,Uncommon,54,"Alloy, Oracle","Fits Alloy, Oracle."
T-370,Supply Plumber,CoinBonusOnVictoryTitleSO,Increases coin gains by 20%.,Coins,Multiply,1.2,Rare,34,"Bug, Grass","Fits Bug, Grass."
T-371,Training Planner,CoinBonusOnVictoryTitleSO,Increases coin gains by 25%.,Coins,Multiply,1.25,Epic,27,"Alloy, Bug","Fits Alloy, Bug."
T-372,Safety Attendant,CoinBonusOnVictoryTitleSO,Increases coin gains by 30%.,Coins,Multiply,1.3,Legendary,14,"Alloy, Oracle","Fits Alloy, Oracle."
T-373,Logistics Roofer,CoinBonusOnVictoryTitleSO,Increases coin gains by 10%.,Coins,Multiply,1.1,Common,72,"Alloy, Oracle","Fits Alloy, Oracle."
T-374,Laboratory Potter,CoinBonusOnVictoryTitleSO,Increases coin gains by 15%.,Coins,Multiply,1.15,Uncommon,67,"Bug, Oracle","Fits Bug, Oracle."
T-375,Biologist,CoinBonusOnVictoryTitleSO,Increases coin gains by 20%.,Coins,Multiply,1.2,Rare,45,"Alloy, Grass","Fits Alloy, Grass."
T-376,Resident Advisor,CoinBonusOnVictoryTitleSO,Increases coin gains by 25%.,Coins,Multiply,1.25,Epic,16,"Alloy, Bug","Fits Alloy, Bug."
T-377,Support Concierge,CoinBonusOnVictoryTitleSO,Increases coin gains by 30%.,Coins,Multiply,1.3,Legendary,9,"Alloy, Bug","Fits Alloy, Bug."
T-378,Field Photographer,CoinBonusOnVictoryTitleSO,Increases coin gains by 10%.,Coins,Multiply,1.1,Common,72,"Grass, Oracle","Fits Grass, Oracle."
T-379,Support Treasurer,CoinBonusOnVictoryTitleSO,Increases coin gains by 15%.,Coins,Multiply,1.15,Uncommon,53,"Grass, Oracle","Fits Grass, Oracle."
T-380,Assembler,CoinBonusOnVictoryTitleSO,Increases coin gains by 20%.,Coins,Multiply,1.2,Rare,39,"Grass, Oracle","Fits Grass, Oracle."
T-381,Control Mechanic,CoinBonusOnVictoryTitleSO,Increases coin gains by 25%.,Coins,Multiply,1.25,Epic,20,"Bug, Grass","Fits Bug, Grass."
T-382,Locksmith,CoinBonusOnVictoryTitleSO,Increases coin gains by 30%.,Coins,Multiply,1.3,Legendary,10,"Alloy, Bug","Fits Alloy, Bug."
T-383,Fabricator,CoinBonusOnVictoryTitleSO,Increases coin gains by 10%.,Coins,Multiply,1.1,Common,74,"Alloy, Bug","Fits Alloy, Bug."
T-384,Maintenance Rigger,GrowthCoreBonusOnVictoryTitleSO,Increases growth cores by 10%.,Growth Cores,Multiply,1.1,Common,83,"Bug, Grass","Fits Bug, Grass."
T-385,Therapist,GrowthCoreBonusOnVictoryTitleSO,Increases growth cores by 15%.,Growth Cores,Multiply,1.15,Uncommon,55,"Alloy, Grass","Fits Alloy, Grass."
T-386,Shift Butcher,GrowthCoreBonusOnVictoryTitleSO,Increases growth cores by 20%.,Growth Cores,Multiply,1.2,Rare,42,"Bug, Oracle","Fits Bug, Oracle."
T-387,Plant Seamstress,GrowthCoreBonusOnVictoryTitleSO,Increases growth cores by 25%.,Growth Cores,Multiply,1.25,Epic,29,"Bug, Grass","Fits Bug, Grass."
T-388,Junior Nurse,GrowthCoreBonusOnVictoryTitleSO,Increases growth cores by 30%.,Growth Cores,Multiply,1.3,Legendary,12,"Alloy, Bug","Fits Alloy, Bug."
T-389,Development Fitter,GrowthCoreBonusOnVictoryTitleSO,Increases growth cores by 10%.,Growth Cores,Multiply,1.1,Common,78,"Bug, Grass","Fits Bug, Grass."
T-390,Rigger,GrowthCoreBonusOnVictoryTitleSO,Increases growth cores by 15%.,Growth Cores,Multiply,1.15,Uncommon,59,"Bug, Grass","Fits Bug, Grass."
T-391,Assistant Host,GrowthCoreBonusOnVictoryTitleSO,Increases growth cores by 20%.,Growth Cores,Multiply,1.2,Rare,44,"Alloy, Oracle","Fits Alloy, Oracle."
T-392,Carver,GrowthCoreBonusOnVictoryTitleSO,Increases growth cores by 25%.,Growth Cores,Multiply,1.25,Epic,19,"Alloy, Oracle","Fits Alloy, Oracle."
T-393,Support Researcher,GrowthCoreBonusOnVictoryTitleSO,Increases growth cores by 30%.,Growth Cores,Multiply,1.3,Legendary,9,"Bug, Oracle","Fits Bug, Oracle."
T-394,Assistant Decorator,GrowthCoreBonusOnVictoryTitleSO,Increases growth cores by 10%.,Growth Cores,Multiply,1.1,Common,76,"Bug, Oracle","Fits Bug, Oracle."
T-395,Manager,GrowthCoreBonusOnVictoryTitleSO,Increases growth cores by 15%.,Growth Cores,Multiply,1.15,Uncommon,53,"Bug, Oracle","Fits Bug, Oracle."
T-396,Training Potter,GrowthCoreBonusOnVictoryTitleSO,Increases growth cores by 20%.,Growth Cores,Multiply,1.2,Rare,48,"Alloy, Oracle","Fits Alloy, Oracle."
T-397,Designer,GrowthCoreBonusOnVictoryTitleSO,Increases growth cores by 25%.,Growth Cores,Multiply,1.25,Epic,19,"Alloy, Grass","Fits Alloy, Grass."
T-398,Strategist,GrowthCoreBonusOnVictoryTitleSO,Increases growth cores by 30%.,Growth Cores,Multiply,1.3,Legendary,11,"Alloy, Grass","Fits Alloy, Grass."
T-399,National Mason,GrowthCoreBonusOnVictoryTitleSO,Increases growth cores by 10%.,Growth Cores,Multiply,1.1,Common,88,"Alloy, Grass","Fits Alloy, Grass."